id,web_name,status,defensive_contribution_per_90,total_points,minutes,goals_scored,assists,clean_sheets,goals_conceded,match_id,minutes_played,goals,assists,minutesinmatch,goalsinmatch,assistsinmatch,cumminutes,cumgoals,cumassists,cumcleansheets,cumgoalsconceded,cumsaves,position
1,Raya,a,0,10,90,0,0,1,0,25-26-prem-manchester-united-vs-arsenal,90,0,0,90,0,0,90,0,0,1,0,7,Goalkeeper
2,Arrizabalaga,a,0,0,0,0,0,0,0,#N/A,#N/A,#N/A,0,#N/A,#N/A,#N/A,0,0,0,0,0,0,Goalkeeper
3,Hein,u,0,0,0,0,0,0,0,#N/A,#N/A,#N/A,0,#N/A,#N/A,#N/A,0,0,0,0,0,0,Goalkeeper
4,Setford,a,0,0,0,0,0,0,0,#N/A,#N/A,#N/A,0,#N/A,#N/A,#N/A,0,0,0,0,0,0,Goalkeeper
5,Gabriel,i,9.09,6,90,0,0,1,0,25-26-prem-manchester-united-vs-arsenal,90,0,0,90,0,0,90,0,0,1,0,0,Defender
6,Saliba,d,6.86,9,90,0,0,1,0,25-26-prem-manchester-united-vs-arsenal,90,0,0,90,0,0,90,0,0,1,0,0,Defender
7,Calafiori,s,6.02,13,71,1,0,1,0,25-26-prem-manchester-united-vs-arsenal,72,1,0,72,1,0,71,1,0,1,0,0,Defender
8,J.Timber,d,6.09,0,19,0,0,0,0,25-26-prem-manchester-united-vs-arsenal,19,0,0,19,0,0,19,0,0,0,0,0,Defender
9,Kiwior,u,0,0,0,0,0,0,0,#N/A,#N/A,#N/A,0,#N/A,#N/A,#N/A,0,0,0,0,0,0,Defender
10,Lewis-Skelly,a,5.29,0,18,0,0,0,0,25-26-prem-manchester-united-vs-arsenal,18,0,0,18,0,0,18,0,0,0,0,0,Defender
11,White,a,9.36,6,70,0,0,1,0,25-26-prem-manchester-united-vs-arsenal,71,0,0,71,0,0,70,0,0,1,0,0,Defender
13,Clarke,a,0,0,0,0,0,0,0,#N/A,#N/A,#N/A,0,#N/A,#N/A,#N/A,0,0,0,0,0,0,Defender
14,Kacurri,u,0,0,0,0,0,0,0,#N/A,#N/A,#N/A,0,#N/A,#N/A,#N/A,0,0,0,0,0,0,Defender
15,Nichols,a,0,0,0,0,0,0,0,#N/A,#N/A,#N/A,0,#N/A,#N/A,#N/A,0,0,0,0,0,0,Defender
16,Saka,a,7.9,3,90,0,0,1,0,25-26-prem-manchester-united-vs-arsenal,90,0,0,90,0,0,90,0,0,1,0,0,Midfielder
17,Ødegaard,a,8.26,5,90,0,0,1,0,25-26-prem-manchester-united-vs-arsenal,90,0,0,90,0,0,90,0,0,1,0,0,Midfielder
18,Madueke,a,4.29,1,30,0,0,0,0,25-26-prem-manchester-united-vs-arsenal,30,0,0,30,0,0,30,0,0,0,0,0,Midfielder
19,Martinelli,a,5.12,1,59,0,0,0,0,25-26-prem-manchester-united-vs-arsenal,60,0,0,60,0,0,59,0,0,0,0,0,Midfielder
20,Trossard,d,4.74,0,0,0,0,0,0,#N/A,#N/A,#N/A,0,#N/A,#N/A,#N/A,0,0,0,0,0,0,Midfielder
21,Rice,d,10.55,6,82,0,1,1,0,25-26-prem-manchester-united-vs-arsenal,83,0,1,83,0,0,82,0,1,1,0,0,Midfielder
22,Merino,a,8.94,1,7,0,0,0,0,25-26-prem-manchester-united-vs-arsenal,7,0,0,7,0,0,7,0,0,0,0,0,Midfielder
23,Fábio Vieira,u,0,0,0,0,0,0,0,#N/A,#N/A,#N/A,0,#N/A,#N/A,#N/A,0,0,0,0,0,0,Midfielder
24,Nørgaard,a,25.71,0,0,0,0,0,0,#N/A,#N/A,#N/A,0,#N/A,#N/A,#N/A,0,0,0,0,0,0,Midfielder
25,Nwaneri,a,7.09,0,0,0,0,0,0,#N/A,#N/A,#N/A,0,#N/A,#N/A,#N/A,0,0,0,0,0,0,Midfielder
26,Zubimendi,a,8.48,5,90,0,0,1,0,25-26-prem-manchester-united-vs-arsenal,90,0,0,90,0,0,90,0,0,1,0,0,Midfielder
28,Kabia,u,0,0,0,0,0,0,0,#N/A,#N/A,#N/A,0,#N/A,#N/A,#N/A,0,0,0,0,0,0,Midfielder
29,Sambi,u,0,0,0,0,0,0,0,#N/A,#N/A,#N/A,0,#N/A,#N/A,#N/A,0,0,0,0,0,0,Midfielder
30,Havertz,i,9,1,30,0,0,0,0,25-26-prem-manchester-united-vs-arsenal,30,0,0,30,0,0,30,0,0,0,0,0,Forward
31,G.Jesus,a,0,0,0,0,0,0,0,#N/A,#N/A,#N/A,0,#N/A,#N/A,#N/A,0,0,0,0,0,0,Forward
266,Eze,a,5.87,3,83,0,0,1,0,25-26-prem-chelsea-vs-crystal-palace,84,0,0,84,0,0,83,0,0,1,0,0,Midfielder
662,Mosquera,i,7.34,0,0,0,0,0,0,#N/A,#N/A,#N/A,0,#N/A,#N/A,#N/A,0,0,0,0,0,0,Defender
666,Gyökeres,a,3.2,1,59,0,0,0,0,25-26-prem-manchester-united-vs-arsenal,60,0,0,60,0,0,59,0,0,0,0,0,Forward
700,Dowman,i,10,0,0,0,0,0,0,#N/A,#N/A,#N/A,0,#N/A,#N/A,#N/A,0,0,0,0,0,0,Midfielder
711,Harriman-Annous,a,0,0,0,0,0,0,0,#N/A,#N/A,#N/A,0,#N/A,#N/A,#N/A,0,0,0,0,0,0,Midfielder
725,Hincapie,a,8.22,0,0,0,0,0,0,#N/A,#N/A,#N/A,0,#N/A,#N/A,#N/A,0,0,0,0,0,0,Defender
759,Salmon,a,0,0,0,0,0,0,0,#N/A,#N/A,#N/A,0,#N/A,#N/A,#N/A,0,0,0,0,0,0,Defender
32,Martinez,d,0,0,0,0,0,0,0,#N/A,#N/A,#N/A,0,#N/A,#N/A,#N/A,0,0,0,0,0,0,Goalkeeper
33,M.Bizot,a,0,7,90,0,0,1,0,25-26-prem-aston-villa-vs-newcastle-united,90,0,0,90,0,0,90,0,0,1,0,3,Goalkeeper
34,Gauci,u,0,0,0,0,0,0,0,#N/A,#N/A,#N/A,0,#N/A,#N/A,#N/A,0,0,0,0,0,0,Goalkeeper
35,Marschall,u,0,0,0,0,0,0,0,#N/A,#N/A,#N/A,0,#N/A,#N/A,#N/A,0,0,0,0,0,0,Goalkeeper
36,Cash,a,6.06,8,90,0,0,1,0,25-26-prem-aston-villa-vs-newcastle-united,90,0,0,90,0,0,90,0,0,1,0,0,Defender
37,Digne,a,4.63,6,90,0,0,1,0,25-26-prem-aston-villa-vs-newcastle-united,90,0,0,90,0,0,90,0,0,1,0,0,Defender
38,Konsa,a,5.9,3,65,0,0,1,0,25-26-prem-aston-villa-vs-newcastle-united,66,0,0,66,0,0,65,0,0,1,0,0,Defender
39,Maatsen,a,8.2,0,0,0,0,0,0,#N/A,#N/A,#N/A,0,#N/A,#N/A,#N/A,0,0,0,0,0,0,Defender
40,Mings,i,7.42,6,90,0,0,1,0,25-26-prem-aston-villa-vs-newcastle-united,90,0,0,90,0,0,90,0,0,1,0,0,Defender
41,Pau,d,6.9,0,0,0,0,0,0,#N/A,#N/A,#N/A,0,#N/A,#N/A,#N/A,0,0,0,0,0,0,Defender
42,A.García,a,0,0,0,0,0,0,0,#N/A,#N/A,#N/A,0,#N/A,#N/A,#N/A,0,0,0,0,0,0,Defender
43,Alex Moreno,u,0,0,0,0,0,0,0,#N/A,#N/A,#N/A,0,#N/A,#N/A,#N/A,0,0,0,0,0,0,Defender
44,Bogarde,a,4.25,0,0,0,0,0,0,#N/A,#N/A,#N/A,0,#N/A,#N/A,#N/A,0,0,0,0,0,0,Defender
45,Sousa,a,0,0,0,0,0,0,0,#N/A,#N/A,#N/A,0,#N/A,#N/A,#N/A,0,0,0,0,0,0,Defender
46,Yasin,u,0,0,0,0,0,0,0,#N/A,#N/A,#N/A,0,#N/A,#N/A,#N/A,0,0,0,0,0,0,Defender
47,Rogers,a,6.2,3,90,0,0,1,0,25-26-prem-aston-villa-vs-newcastle-united,90,0,0,90,0,0,90,0,0,1,0,0,Midfielder
48,Tielemans,a,9.13,3,90,0,0,1,0,25-26-prem-aston-villa-vs-newcastle-united,90,0,0,90,0,0,90,0,0,1,0,0,Midfielder
49,Bailey,u,0,0,0,0,0,0,0,#N/A,#N/A,#N/A,0,#N/A,#N/A,#N/A,0,0,0,0,0,0,Midfielder
50,Buendía,a,9.5,0,0,0,0,0,0,#N/A,#N/A,#N/A,0,#N/A,#N/A,#N/A,0,0,0,0,0,0,Midfielder
51,Iling Jr,u,0,0,0,0,0,0,0,#N/A,#N/A,#N/A,0,#N/A,#N/A,#N/A,0,0,0,0,0,0,Midfielder
53,Malen,a,2.4,1,6,0,0,0,0,25-26-prem-aston-villa-vs-newcastle-united,6,0,0,6,0,0,6,0,0,0,0,0,Midfielder
54,McGinn,a,7.55,3,83,0,0,1,0,25-26-prem-aston-villa-vs-newcastle-united,84,0,0,84,0,0,83,0,0,1,0,0,Midfielder
55,Barkley,i,11.84,0,0,0,0,0,0,#N/A,#N/A,#N/A,0,#N/A,#N/A,#N/A,0,0,0,0,0,0,Midfielder
56,Barrenechea,u,0,0,0,0,0,0,0,#N/A,#N/A,#N/A,0,#N/A,#N/A,#N/A,0,0,0,0,0,0,Midfielder
57,Dobbin,u,0,0,0,0,0,0,0,#N/A,#N/A,#N/A,0,#N/A,#N/A,#N/A,0,0,0,0,0,0,Midfielder
58,Kamara,a,9.28,2,90,0,0,1,0,25-26-prem-aston-villa-vs-newcastle-united,90,0,0,90,0,0,90,0,0,1,0,0,Midfielder
59,Onana,a,12.88,5,90,0,0,1,0,25-26-prem-aston-villa-vs-newcastle-united,90,0,0,90,0,0,90,0,0,1,0,0,Midfielder
60,Broggio,a,0,0,0,0,0,0,0,#N/A,#N/A,#N/A,0,#N/A,#N/A,#N/A,0,0,0,0,0,0,Midfielder
61,Dendoncker,u,0,0,0,0,0,0,0,#N/A,#N/A,#N/A,0,#N/A,#N/A,#N/A,0,0,0,0,0,0,Midfielder
62,Jimoh-Aloba,a,0,0,0,0,0,0,0,#N/A,#N/A,#N/A,0,#N/A,#N/A,#N/A,0,0,0,0,0,0,Midfielder
63,Young,a,0,0,0,0,0,0,0,#N/A,#N/A,#N/A,0,#N/A,#N/A,#N/A,0,0,0,0,0,0,Midfielder
64,Watkins,a,3.3,2,90,0,0,1,0,25-26-prem-aston-villa-vs-newcastle-united,90,0,0,90,0,0,90,0,0,1,0,0,Forward
65,Redmond,u,0,0,0,0,0,0,0,#N/A,#N/A,#N/A,0,#N/A,#N/A,#N/A,0,0,0,0,0,0,Forward
389,Elliott,a,4.64,0,0,0,0,0,0,#N/A,#N/A,#N/A,0,#N/A,#N/A,#N/A,0,0,0,0,0,0,Midfielder
456,Sancho,a,5.71,0,0,0,0,0,0,#N/A,#N/A,#N/A,0,#N/A,#N/A,#N/A,0,0,0,0,0,0,Midfielder
677,Guessand,a,8.55,0,0,0,0,0,0,#N/A,#N/A,#N/A,0,#N/A,#N/A,#N/A,0,0,0,0,0,0,Midfielder
688,Wright,a,0,0,0,0,0,0,0,#N/A,#N/A,#N/A,0,#N/A,#N/A,#N/A,0,0,0,0,0,0,Goalkeeper
701,Rowe,u,0,0,0,0,0,0,0,#N/A,#N/A,#N/A,0,#N/A,#N/A,#N/A,0,0,0,0,0,0,Defender
702,Burrowes,a,5.62,0,0,0,0,0,0,#N/A,#N/A,#N/A,0,#N/A,#N/A,#N/A,0,0,0,0,0,0,Midfielder
703,Proctor,a,0,0,0,0,0,0,0,#N/A,#N/A,#N/A,0,#N/A,#N/A,#N/A,0,0,0,0,0,0,Goalkeeper
710,Patterson,a,0,0,0,0,0,0,0,#N/A,#N/A,#N/A,0,#N/A,#N/A,#N/A,0,0,0,0,0,0,Defender
719,Lindelöf,a,3.6,0,0,0,0,0,0,#N/A,#N/A,#N/A,0,#N/A,#N/A,#N/A,0,0,0,0,0,0,Defender
754,George Hemmings,a,0,0,0,0,0,0,0,#N/A,#N/A,#N/A,0,#N/A,#N/A,#N/A,0,0,0,0,0,0,Midfielder
757,Hollingshead,a,0,0,0,0,0,0,0,#N/A,#N/A,#N/A,0,#N/A,#N/A,#N/A,0,0,0,0,0,0,Goalkeeper
183,Weiss,a,0,0,0,0,0,0,0,#N/A,#N/A,#N/A,0,#N/A,#N/A,#N/A,0,0,0,0,0,0,Goalkeeper
184,Green,u,0,0,0,0,0,0,0,#N/A,#N/A,#N/A,0,#N/A,#N/A,#N/A,0,0,0,0,0,0,Goalkeeper
185,Hladký,a,0,0,0,0,0,0,0,#N/A,#N/A,#N/A,0,#N/A,#N/A,#N/A,0,0,0,0,0,0,Goalkeeper
186,Roberts,i,0,0,0,0,0,0,0,#N/A,#N/A,#N/A,0,#N/A,#N/A,#N/A,0,0,0,0,0,0,Defender
187,Walker,s,7.33,1,90,0,0,0,3,25-26-prem-tottenham-hotspur-vs-burnley,90,0,0,90,0,0,90,0,0,0,3,0,Defender
188,Delcroix,a,0,0,0,0,0,0,0,#N/A,#N/A,#N/A,0,#N/A,#N/A,#N/A,0,0,0,0,0,0,Defender
189,Dodgson,u,0,0,0,0,0,0,0,#N/A,#N/A,#N/A,0,#N/A,#N/A,#N/A,0,0,0,0,0,0,Defender
190,Ekdal,a,10.73,1,90,0,0,0,3,25-26-prem-tottenham-hotspur-vs-burnley,90,0,0,90,0,0,90,0,0,0,3,0,Defender
191,Estève,a,10.53,1,90,0,0,0,3,25-26-prem-tottenham-hotspur-vs-burnley,90,0,0,90,0,0,90,0,0,0,3,0,Defender
192,Hartman,a,7.07,1,90,0,0,0,3,25-26-prem-tottenham-hotspur-vs-burnley,90,0,0,90,0,0,90,0,0,0,3,0,Defender
193,Humphreys,i,0,0,0,0,0,0,0,#N/A,#N/A,#N/A,0,#N/A,#N/A,#N/A,0,0,0,0,0,0,Defender
194,Jordan,i,0,0,0,0,0,0,0,#N/A,#N/A,#N/A,0,#N/A,#N/A,#N/A,0,0,0,0,0,0,Defender
195,Lucas Pires,s,1.76,0,0,0,0,0,0,#N/A,#N/A,#N/A,0,#N/A,#N/A,#N/A,0,0,0,0,0,0,Defender
196,Sambo,u,0,0,0,0,0,0,0,#N/A,#N/A,#N/A,0,#N/A,#N/A,#N/A,0,0,0,0,0,0,Defender
197,Sonne,a,1.76,1,73,0,0,0,3,25-26-prem-tottenham-hotspur-vs-burnley,74,0,0,74,0,0,73,0,0,0,3,0,Defender
198,Tuanzebe,d,10,0,0,0,0,0,0,#N/A,#N/A,#N/A,0,#N/A,#N/A,#N/A,0,0,0,0,0,0,Defender
199,Worrall,a,19.69,0,0,0,0,0,0,#N/A,#N/A,#N/A,0,#N/A,#N/A,#N/A,0,0,0,0,0,0,Defender
200,Anthony,a,7.67,2,84,0,0,0,3,25-26-prem-tottenham-hotspur-vs-burnley,85,0,0,85,0,0,84,0,0,0,3,0,Midfielder
201,Benson,u,0,0,0,0,0,0,0,#N/A,#N/A,#N/A,0,#N/A,#N/A,#N/A,0,0,0,0,0,0,Midfielder
202,Bruun Larsen,a,5.21,1,27,0,0,0,1,25-26-prem-tottenham-hotspur-vs-burnley,27,0,0,27,0,0,27,0,0,0,1,0,Midfielder
203,Boateng,a,0,0,0,0,0,0,0,#N/A,#N/A,#N/A,0,#N/A,#N/A,#N/A,0,0,0,0,0,0,Midfielder
204,Churlinov,u,0,0,0,0,0,0,0,#N/A,#N/A,#N/A,0,#N/A,#N/A,#N/A,0,0,0,0,0,0,Midfielder
205,Cullen,a,10.4,4,90,0,0,0,3,25-26-prem-tottenham-hotspur-vs-burnley,90,0,0,90,0,0,90,0,0,0,3,0,Midfielder
206,Edwards,a,3.27,1,5,0,0,0,0,25-26-prem-tottenham-hotspur-vs-burnley,5,0,0,5,0,0,5,0,0,0,0,0,Midfielder
207,Hannibal,s,7.97,2,62,0,0,0,2,25-26-prem-tottenham-hotspur-vs-burnley,63,0,0,63,0,0,62,0,0,0,2,0,Midfielder
208,Koleosho,u,0,0,0,0,0,0,0,#N/A,#N/A,#N/A,0,#N/A,#N/A,#N/A,0,0,0,0,0,0,Midfielder
209,Laurent,a,8.51,2,62,0,0,0,2,25-26-prem-tottenham-hotspur-vs-burnley,63,0,0,63,0,0,62,0,0,0,2,0,Midfielder
210,Tchaouna,a,5.58,1,16,0,0,0,0,25-26-prem-tottenham-hotspur-vs-burnley,16,0,0,16,0,0,16,0,0,0,0,0,Midfielder
211,A.Ramsey,u,0,0,0,0,0,0,0,#N/A,#N/A,#N/A,0,#N/A,#N/A,#N/A,0,0,0,0,0,0,Midfielder
212,Adewumi,u,0,0,0,0,0,0,0,#N/A,#N/A,#N/A,0,#N/A,#N/A,#N/A,0,0,0,0,0,0,Midfielder
213,Banel,a,0,0,0,0,0,0,0,#N/A,#N/A,#N/A,0,#N/A,#N/A,#N/A,0,0,0,0,0,0,Midfielder
214,Trésor,a,0,0,0,0,0,0,0,#N/A,#N/A,#N/A,0,#N/A,#N/A,#N/A,0,0,0,0,0,0,Midfielder
215,Flemming,a,4.45,1,16,0,0,0,0,25-26-prem-tottenham-hotspur-vs-burnley,16,0,0,16,0,0,16,0,0,0,0,0,Forward
216,Amdouni,i,0,0,0,0,0,0,0,#N/A,#N/A,#N/A,0,#N/A,#N/A,#N/A,0,0,0,0,0,0,Forward
217,Foster,a,4.81,2,73,0,0,0,3,25-26-prem-tottenham-hotspur-vs-burnley,74,0,0,74,0,0,73,0,0,0,3,0,Forward
218,Barnes,a,12.86,0,0,0,0,0,0,#N/A,#N/A,#N/A,0,#N/A,#N/A,#N/A,0,0,0,0,0,0,Forward
219,Obafemi,u,0,0,0,0,0,0,0,#N/A,#N/A,#N/A,0,#N/A,#N/A,#N/A,0,0,0,0,0,0,Forward
470,Dúbravka,a,0,2,90,0,0,0,3,25-26-prem-tottenham-hotspur-vs-burnley,90,0,0,90,0,0,90,0,0,0,3,3,Goalkeeper
676,Ugochukwu,a,7.44,1,27,0,0,0,1,25-26-prem-tottenham-hotspur-vs-burnley,27,0,0,27,0,0,27,0,0,0,1,0,Midfielder
680,Broja,a,5.05,0,0,0,0,0,0,#N/A,#N/A,#N/A,0,#N/A,#N/A,#N/A,0,0,0,0,0,0,Forward
722,Florentino,a,13.01,0,0,0,0,0,0,#N/A,#N/A,#N/A,0,#N/A,#N/A,#N/A,0,0,0,0,0,0,Midfielder
66,Neto,u,0,0,0,0,0,0,0,#N/A,#N/A,#N/A,0,#N/A,#N/A,#N/A,0,0,0,0,0,0,Goalkeeper
67,Petrović,a,0,2,90,0,0,0,4,25-26-prem-liverpool-vs-afc-bournemouth,90,0,0,90,0,0,90,0,0,0,4,6,Goalkeeper
68,Dennis,a,0,0,0,0,0,0,0,#N/A,#N/A,#N/A,0,#N/A,#N/A,#N/A,0,0,0,0,0,0,Goalkeeper
69,McKenna,a,0,0,0,0,0,0,0,#N/A,#N/A,#N/A,0,#N/A,#N/A,#N/A,0,0,0,0,0,0,Goalkeeper
70,Paulsen,u,0,0,0,0,0,0,0,#N/A,#N/A,#N/A,0,#N/A,#N/A,#N/A,0,0,0,0,0,0,Goalkeeper
71,Zabarnyi,u,0,0,0,0,0,0,0,#N/A,#N/A,#N/A,0,#N/A,#N/A,#N/A,0,0,0,0,0,0,Defender
72,Senesi,d,12.64,2,90,0,0,0,4,25-26-prem-liverpool-vs-afc-bournemouth,90,0,0,90,0,0,90,0,0,0,4,0,Defender
73,Smith,a,4.66,1,89,0,0,0,3,25-26-prem-liverpool-vs-afc-bournemouth,89,0,0,89,0,0,89,0,0,0,3,0,Defender
74,Truffert,a,7.42,0,90,0,0,0,4,25-26-prem-liverpool-vs-afc-bournemouth,90,0,0,90,0,0,90,0,0,0,4,0,Defender
75,Akinmboni,d,0,0,0,0,0,0,0,#N/A,#N/A,#N/A,0,#N/A,#N/A,#N/A,0,0,0,0,0,0,Defender
76,Bevan,a,0,0,0,0,0,0,0,#N/A,#N/A,#N/A,0,#N/A,#N/A,#N/A,0,0,0,0,0,0,Defender
77,Hill,a,8.07,1,1,0,0,0,1,25-26-prem-liverpool-vs-afc-bournemouth,1,0,0,1,0,0,1,0,0,0,1,0,Defender
78,J.Araujo,a,0,0,0,0,0,0,0,#N/A,#N/A,#N/A,0,#N/A,#N/A,#N/A,0,0,0,0,0,0,Defender
79,Mepham,u,0,0,0,0,0,0,0,#N/A,#N/A,#N/A,0,#N/A,#N/A,#N/A,0,0,0,0,0,0,Defender
80,Soler,a,0,0,0,0,0,0,0,#N/A,#N/A,#N/A,0,#N/A,#N/A,#N/A,0,0,0,0,0,0,Defender
81,Kluivert,a,5.7,0,0,0,0,0,0,#N/A,#N/A,#N/A,0,#N/A,#N/A,#N/A,0,0,0,0,0,0,Midfielder
82,Semenyo,a,7.79,15,90,2,0,0,4,25-26-prem-liverpool-vs-afc-bournemouth,90,2,0,90,2,0,90,2,0,0,4,0,Midfielder
84,Tavernier,a,8.33,4,90,0,0,0,4,25-26-prem-liverpool-vs-afc-bournemouth,90,0,0,90,0,0,90,0,0,0,4,0,Midfielder
85,Adams,a,10.95,4,90,0,0,0,3,25-26-prem-liverpool-vs-afc-bournemouth,89,0,0,89,0,0,90,0,0,0,3,0,Midfielder
86,Brooks,a,7.13,4,83,0,1,0,2,25-26-prem-liverpool-vs-afc-bournemouth,84,0,1,84,0,1,83,0,1,0,2,0,Midfielder
87,Christie,i,10.96,0,0,0,0,0,0,#N/A,#N/A,#N/A,0,#N/A,#N/A,#N/A,0,0,0,0,0,0,Midfielder
88,Cook,s,15.56,0,0,0,0,0,0,#N/A,#N/A,#N/A,0,#N/A,#N/A,#N/A,0,0,0,0,0,0,Midfielder
89,Philip,u,0,0,0,0,0,0,0,#N/A,#N/A,#N/A,0,#N/A,#N/A,#N/A,0,0,0,0,0,0,Midfielder
90,Scott,a,11.14,2,73,0,0,0,2,25-26-prem-liverpool-vs-afc-bournemouth,74,0,0,74,0,0,73,0,0,0,2,0,Midfielder
91,Sinisterra,u,0,0,0,0,0,0,0,#N/A,#N/A,#N/A,0,#N/A,#N/A,#N/A,0,0,0,0,0,0,Midfielder
92,Faivre,u,0,0,0,0,0,0,0,#N/A,#N/A,#N/A,0,#N/A,#N/A,#N/A,0,0,0,0,0,0,Midfielder
93,H.Traorè,u,22.5,4,16,0,1,0,2,25-26-prem-liverpool-vs-afc-bournemouth,16,0,1,16,0,1,16,0,1,0,2,0,Midfielder
94,Sadi,u,0,0,0,0,0,0,0,#N/A,#N/A,#N/A,0,#N/A,#N/A,#N/A,0,0,0,0,0,0,Midfielder
95,Silcott-Duberry,u,0,0,0,0,0,0,0,#N/A,#N/A,#N/A,0,#N/A,#N/A,#N/A,0,0,0,0,0,0,Midfielder
96,Winterburn,u,0,1,6,0,0,0,2,25-26-prem-liverpool-vs-afc-bournemouth,6,0,0,6,0,0,6,0,0,0,2,0,Midfielder
97,Evanilson,a,3.76,1,90,0,0,0,4,25-26-prem-liverpool-vs-afc-bournemouth,90,0,0,90,0,0,90,0,0,0,4,0,Forward
98,Enes Ünal,a,5.29,0,0,0,0,0,0,#N/A,#N/A,#N/A,0,#N/A,#N/A,#N/A,0,0,0,0,0,0,Forward
99,Adu-Adjei,u,0,0,0,0,0,0,0,#N/A,#N/A,#N/A,0,#N/A,#N/A,#N/A,0,0,0,0,0,0,Forward
100,Kroupi.Jr,a,6.43,1,1,0,0,0,1,25-26-prem-liverpool-vs-afc-bournemouth,1,0,0,1,0,0,1,0,0,0,1,0,Forward
391,Gannon-Doak,i,5.09,0,0,0,0,0,0,#N/A,#N/A,#N/A,0,#N/A,#N/A,#N/A,0,0,0,0,0,0,Midfielder
685,Diakité,a,8.35,0,90,0,0,0,4,25-26-prem-liverpool-vs-afc-bournemouth,90,0,0,90,0,0,90,0,0,0,4,0,Defender
687,Rees-Dottin,a,0,0,0,0,0,0,0,#N/A,#N/A,#N/A,0,#N/A,#N/A,#N/A,0,0,0,0,0,0,Midfielder
697,Adli,a,12.66,0,0,0,0,0,0,#N/A,#N/A,#N/A,0,#N/A,#N/A,#N/A,0,0,0,0,0,0,Midfielder
713,A.Jimenez,a,5.4,0,0,0,0,0,0,#N/A,#N/A,#N/A,0,#N/A,#N/A,#N/A,0,0,0,0,0,0,Defender
721,Milosavljević,i,9.62,0,0,0,0,0,0,#N/A,#N/A,#N/A,0,#N/A,#N/A,#N/A,0,0,0,0,0,0,Defender
756,DaCosta,a,0,0,0,0,0,0,0,#N/A,#N/A,#N/A,0,#N/A,#N/A,#N/A,0,0,0,0,0,0,Midfielder
27,Nelson,d,29.03,0,0,0,0,0,0,#N/A,#N/A,#N/A,0,#N/A,#N/A,#N/A,0,0,0,0,0,0,Midfielder
83,O.Dango,a,8.16,0,0,0,0,0,0,#N/A,#N/A,#N/A,0,#N/A,#N/A,#N/A,0,0,0,0,0,0,Midfielder
101,Kelleher,a,0,1,90,0,0,0,3,25-26-prem-nottingham-forest-vs-brentford,90,0,0,90,0,0,90,0,0,0,3,2,Goalkeeper
102,Balcombe,a,0,0,0,0,0,0,0,#N/A,#N/A,#N/A,0,#N/A,#N/A,#N/A,0,0,0,0,0,0,Goalkeeper
103,Cox,a,0,0,0,0,0,0,0,#N/A,#N/A,#N/A,0,#N/A,#N/A,#N/A,0,0,0,0,0,0,Goalkeeper
104,Eyestone,a,0,0,0,0,0,0,0,#N/A,#N/A,#N/A,0,#N/A,#N/A,#N/A,0,0,0,0,0,0,Goalkeeper
105,Valdimarsson,a,0,0,0,0,0,0,0,#N/A,#N/A,#N/A,0,#N/A,#N/A,#N/A,0,0,0,0,0,0,Goalkeeper
106,Collins,a,10.44,0,90,0,0,0,3,25-26-prem-nottingham-forest-vs-brentford,90,0,0,90,0,0,90,0,0,0,3,0,Defender
107,Lewis-Potter,a,4.78,1,68,0,0,0,3,25-26-prem-nottingham-forest-vs-brentford,69,0,0,69,0,0,68,0,0,0,3,0,Defender
108,Ajer,a,7.92,0,0,0,0,0,0,#N/A,#N/A,#N/A,0,#N/A,#N/A,#N/A,0,0,0,0,0,0,Defender
109,Henry,a,5.02,1,87,0,0,0,3,25-26-prem-nottingham-forest-vs-brentford,88,0,0,88,0,0,87,0,0,0,3,0,Defender
110,Kayode,a,6.38,1,90,0,0,0,3,25-26-prem-nottingham-forest-vs-brentford,90,0,0,90,0,0,90,0,0,0,3,0,Defender
111,Pinnock,a,11.45,0,0,0,0,0,0,#N/A,#N/A,#N/A,0,#N/A,#N/A,#N/A,0,0,0,0,0,0,Defender
112,Roerslev,u,0,0,0,0,0,0,0,#N/A,#N/A,#N/A,0,#N/A,#N/A,#N/A,0,0,0,0,0,0,Defender
113,Van den Berg,a,8.53,3,90,0,0,0,3,25-26-prem-nottingham-forest-vs-brentford,90,0,0,90,0,0,90,0,0,0,3,0,Defender
114,Arthur,a,0,0,0,0,0,0,0,#N/A,#N/A,#N/A,0,#N/A,#N/A,#N/A,0,0,0,0,0,0,Defender
115,Fredrick,u,0,0,0,0,0,0,0,#N/A,#N/A,#N/A,0,#N/A,#N/A,#N/A,0,0,0,0,0,0,Defender
116,Hickey,a,6.43,0,2,0,0,0,0,25-26-prem-nottingham-forest-vs-brentford,2,0,0,2,0,0,2,0,0,0,0,0,Defender
117,Ji-soo,u,0,0,0,0,0,0,0,#N/A,#N/A,#N/A,0,#N/A,#N/A,#N/A,0,0,0,0,0,0,Defender
118,Meghoma,u,0,0,0,0,0,0,0,#N/A,#N/A,#N/A,0,#N/A,#N/A,#N/A,0,0,0,0,0,0,Defender
120,Schade,s,7.01,1,45,0,0,0,0,25-26-prem-nottingham-forest-vs-brentford,45,0,0,45,0,0,45,0,0,0,0,0,Midfielder
121,Damsgaard,a,8.79,0,0,0,0,0,0,#N/A,#N/A,#N/A,0,#N/A,#N/A,#N/A,0,0,0,0,0,0,Midfielder
122,Milambo,i,8,1,45,0,0,0,3,25-26-prem-nottingham-forest-vs-brentford,45,0,0,45,0,0,45,0,0,0,3,0,Midfielder
123,Carvalho,i,7.2,2,90,0,0,0,3,25-26-prem-nottingham-forest-vs-brentford,90,0,0,90,0,0,90,0,0,0,3,0,Midfielder
124,Henderson,a,8.78,1,21,0,0,0,0,25-26-prem-nottingham-forest-vs-brentford,21,0,0,21,0,0,21,0,0,0,0,0,Midfielder
125,Janelt,a,12.18,0,0,0,0,0,0,#N/A,#N/A,#N/A,0,#N/A,#N/A,#N/A,0,0,0,0,0,0,Midfielder
126,Jensen,a,9.07,2,68,0,0,0,3,25-26-prem-nottingham-forest-vs-brentford,69,0,0,69,0,0,68,0,0,0,3,0,Midfielder
127,Nunes,a,0,0,0,0,0,0,0,#N/A,#N/A,#N/A,0,#N/A,#N/A,#N/A,0,0,0,0,0,0,Midfielder
128,Onyeka,a,10.23,4,21,0,1,0,0,25-26-prem-nottingham-forest-vs-brentford,21,0,1,21,0,0,21,0,1,0,0,0,Midfielder
129,Yarmoliuk,a,10.31,2,90,0,0,0,3,25-26-prem-nottingham-forest-vs-brentford,90,0,0,90,0,0,90,0,0,0,3,0,Midfielder
130,Donovan,a,0,0,0,0,0,0,0,#N/A,#N/A,#N/A,0,#N/A,#N/A,#N/A,0,0,0,0,0,0,Midfielder
131,Konak,a,0,0,0,0,0,0,0,#N/A,#N/A,#N/A,0,#N/A,#N/A,#N/A,0,0,0,0,0,0,Midfielder
132,Maghoma,a,0,0,0,0,0,0,0,#N/A,#N/A,#N/A,0,#N/A,#N/A,#N/A,0,0,0,0,0,0,Midfielder
133,Peart-Harris,a,0,0,0,0,0,0,0,#N/A,#N/A,#N/A,0,#N/A,#N/A,#N/A,0,0,0,0,0,0,Midfielder
134,Trevitt,u,0,0,0,0,0,0,0,#N/A,#N/A,#N/A,0,#N/A,#N/A,#N/A,0,0,0,0,0,0,Midfielder
136,Thiago,a,5.75,6,90,1,0,0,3,25-26-prem-nottingham-forest-vs-brentford,90,1,0,90,1,0,90,1,0,0,3,0,Forward
137,Morgan,a,0,0,0,0,0,0,0,#N/A,#N/A,#N/A,0,#N/A,#N/A,#N/A,0,0,0,0,0,0,Forward
748,Dasilva,i,0,0,0,0,0,0,0,#N/A,#N/A,#N/A,0,#N/A,#N/A,#N/A,0,0,0,0,0,0,Midfielder
138,Steele,a,0,0,0,0,0,0,0,#N/A,#N/A,#N/A,0,#N/A,#N/A,#N/A,0,0,0,0,0,0,Goalkeeper
139,Verbruggen,a,0,2,90,0,0,0,1,25-26-prem-brighton-hove-albion-vs-fulham,90,0,0,90,0,0,90,0,0,0,1,1,Goalkeeper
140,McGill,a,0,0,0,0,0,0,0,#N/A,#N/A,#N/A,0,#N/A,#N/A,#N/A,0,0,0,0,0,0,Goalkeeper
141,Rushworth,u,0,0,0,0,0,0,0,#N/A,#N/A,#N/A,0,#N/A,#N/A,#N/A,0,0,0,0,0,0,Goalkeeper
142,Scherpen,u,0,0,0,0,0,0,0,#N/A,#N/A,#N/A,0,#N/A,#N/A,#N/A,0,0,0,0,0,0,Goalkeeper
143,Boscagli,a,13.85,0,0,0,0,0,0,#N/A,#N/A,#N/A,0,#N/A,#N/A,#N/A,0,0,0,0,0,0,Defender
144,Coppola,a,21.18,0,0,0,0,0,0,#N/A,#N/A,#N/A,0,#N/A,#N/A,#N/A,0,0,0,0,0,0,Defender
145,De Cuyper,a,3.73,2,90,0,0,0,1,25-26-prem-brighton-hove-albion-vs-fulham,90,0,0,90,0,0,90,0,0,0,1,0,Defender
146,Dunk,a,6.9,2,90,0,0,0,1,25-26-prem-brighton-hove-albion-vs-fulham,90,0,0,90,0,0,90,0,0,0,1,0,Defender
147,Estupiñan,u,0,0,0,0,0,0,0,#N/A,#N/A,#N/A,0,#N/A,#N/A,#N/A,0,0,0,0,0,0,Defender
148,F.Kadıoğlu,a,5.17,0,21,0,0,0,1,25-26-prem-brighton-hove-albion-vs-fulham,21,0,0,21,0,0,21,0,0,0,1,0,Defender
150,Lamptey,u,0,0,0,0,0,0,0,#N/A,#N/A,#N/A,0,#N/A,#N/A,#N/A,0,0,0,0,0,0,Defender
151,Van Hecke,a,8.2,2,90,0,0,0,1,25-26-prem-brighton-hove-albion-vs-fulham,90,0,0,90,0,0,90,0,0,0,1,0,Defender
152,Veltman,a,10.81,0,0,0,0,0,0,#N/A,#N/A,#N/A,0,#N/A,#N/A,#N/A,0,0,0,0,0,0,Defender
153,Webster,i,0,0,0,0,0,0,0,#N/A,#N/A,#N/A,0,#N/A,#N/A,#N/A,0,0,0,0,0,0,Defender
154,Cashin,u,0,0,0,0,0,0,0,#N/A,#N/A,#N/A,0,#N/A,#N/A,#N/A,0,0,0,0,0,0,Defender
155,Slater,u,0,0,0,0,0,0,0,#N/A,#N/A,#N/A,0,#N/A,#N/A,#N/A,0,0,0,0,0,0,Defender
156,Tasker,a,0,0,0,0,0,0,0,#N/A,#N/A,#N/A,0,#N/A,#N/A,#N/A,0,0,0,0,0,0,Defender
157,Mitoma,a,3.9,2,82,0,0,1,0,25-26-prem-brighton-hove-albion-vs-fulham,83,0,0,83,0,0,82,0,0,1,0,0,Midfielder
158,Georginio,a,6.03,6,68,0,1,1,0,25-26-prem-brighton-hove-albion-vs-fulham,69,0,1,69,0,0,68,0,1,1,0,0,Midfielder
159,March,i,0,0,0,0,0,0,0,#N/A,#N/A,#N/A,0,#N/A,#N/A,#N/A,0,0,0,0,0,0,Midfielder
160,Minteh,a,6.81,3,68,0,0,1,0,25-26-prem-brighton-hove-albion-vs-fulham,69,0,0,69,0,0,68,0,0,1,0,0,Midfielder
161,Enciso,u,0,0,0,0,0,0,0,#N/A,#N/A,#N/A,0,#N/A,#N/A,#N/A,0,0,0,0,0,0,Midfielder
162,Gruda,a,9.03,1,7,0,0,0,1,25-26-prem-brighton-hove-albion-vs-fulham,7,0,0,7,0,0,7,0,0,0,1,0,Midfielder
163,Hinshelwood,a,9.46,0,0,0,0,0,0,#N/A,#N/A,#N/A,0,#N/A,#N/A,#N/A,0,0,0,0,0,0,Midfielder
164,O'Riley,u,4.58,10,87,1,0,1,0,25-26-prem-brighton-hove-albion-vs-fulham,88,1,0,88,1,0,87,1,0,1,0,0,Midfielder
165,Sima,u,0,0,0,0,0,0,0,#N/A,#N/A,#N/A,0,#N/A,#N/A,#N/A,0,0,0,0,0,0,Midfielder
166,Ayari,a,9.93,3,90,0,0,0,1,25-26-prem-brighton-hove-albion-vs-fulham,90,0,0,90,0,0,90,0,0,0,1,0,Midfielder
167,Baleba,a,10.83,3,68,0,0,1,0,25-26-prem-brighton-hove-albion-vs-fulham,69,0,0,69,0,0,68,0,0,1,0,0,Midfielder
169,Gomez,a,9.72,0,21,0,0,0,1,25-26-prem-brighton-hove-albion-vs-fulham,21,0,0,21,0,0,21,0,0,0,1,0,Midfielder
170,Milner,a,9.14,1,2,0,0,0,1,25-26-prem-brighton-hove-albion-vs-fulham,2,0,0,2,0,0,2,0,0,0,1,0,Midfielder
171,Sarmiento,u,0,0,0,0,0,0,0,#N/A,#N/A,#N/A,0,#N/A,#N/A,#N/A,0,0,0,0,0,0,Midfielder
172,Watson,a,6.75,0,0,0,0,0,0,#N/A,#N/A,#N/A,0,#N/A,#N/A,#N/A,0,0,0,0,0,0,Midfielder
173,Wieffer,a,13.96,4,90,0,0,0,1,25-26-prem-brighton-hove-albion-vs-fulham,90,0,0,90,0,0,90,0,0,0,1,0,Midfielder
174,Yalcouye,u,0,0,0,0,0,0,0,#N/A,#N/A,#N/A,0,#N/A,#N/A,#N/A,0,0,0,0,0,0,Midfielder
175,Knight,a,0,0,0,0,0,0,0,#N/A,#N/A,#N/A,0,#N/A,#N/A,#N/A,0,0,0,0,0,0,Midfielder
176,Mazilu,u,0,0,0,0,0,0,0,#N/A,#N/A,#N/A,0,#N/A,#N/A,#N/A,0,0,0,0,0,0,Midfielder
177,Moran,u,0,0,0,0,0,0,0,#N/A,#N/A,#N/A,0,#N/A,#N/A,#N/A,0,0,0,0,0,0,Midfielder
178,Welbeck,a,4.06,1,21,0,0,0,1,25-26-prem-brighton-hove-albion-vs-fulham,21,0,0,21,0,0,21,0,0,0,1,0,Forward
179,Ferguson,u,0,0,0,0,0,0,0,#N/A,#N/A,#N/A,0,#N/A,#N/A,#N/A,0,0,0,0,0,0,Forward
180,Tzimas,i,10.23,0,0,0,0,0,0,#N/A,#N/A,#N/A,0,#N/A,#N/A,#N/A,0,0,0,0,0,0,Forward
181,Kostoulas,a,19.5,0,0,0,0,0,0,#N/A,#N/A,#N/A,0,#N/A,#N/A,#N/A,0,0,0,0,0,0,Forward
744,Oriola,a,0,0,0,0,0,0,0,#N/A,#N/A,#N/A,0,#N/A,#N/A,#N/A,0,0,0,0,0,0,Midfielder
168,Buonanotte,a,6,0,0,0,0,0,0,#N/A,#N/A,#N/A,0,#N/A,#N/A,#N/A,0,0,0,0,0,0,Midfielder
220,Sánchez,a,0,8,90,0,0,1,0,25-26-prem-chelsea-vs-crystal-palace,90,0,0,90,0,0,90,0,0,1,0,4,Goalkeeper
221,Jörgensen,a,0,0,0,0,0,0,0,#N/A,#N/A,#N/A,0,#N/A,#N/A,#N/A,0,0,0,0,0,0,Goalkeeper
222,Penders,u,0,0,0,0,0,0,0,#N/A,#N/A,#N/A,0,#N/A,#N/A,#N/A,0,0,0,0,0,0,Goalkeeper
223,Slonina,a,0,0,0,0,0,0,0,#N/A,#N/A,#N/A,0,#N/A,#N/A,#N/A,0,0,0,0,0,0,Goalkeeper
224,Cucurella,a,6.59,8,90,0,0,1,0,25-26-prem-chelsea-vs-crystal-palace,90,0,0,90,0,0,90,0,0,1,0,0,Defender
225,James,a,5.99,5,78,0,0,1,0,25-26-prem-chelsea-vs-crystal-palace,79,0,0,79,0,0,78,0,0,1,0,0,Defender
226,Chalobah,a,8.55,6,90,0,0,1,0,25-26-prem-chelsea-vs-crystal-palace,90,0,0,90,0,0,90,0,0,1,0,0,Defender
227,Colwill,i,0,0,0,0,0,0,0,#N/A,#N/A,#N/A,0,#N/A,#N/A,#N/A,0,0,0,0,0,0,Defender
228,Gusto,a,5.42,1,11,0,0,0,0,25-26-prem-chelsea-vs-crystal-palace,11,0,0,11,0,0,11,0,0,0,0,0,Defender
229,B.Badiashile,a,6.97,0,0,0,0,0,0,#N/A,#N/A,#N/A,0,#N/A,#N/A,#N/A,0,0,0,0,0,0,Defender
230,Fofana,a,9.79,0,0,0,0,0,0,#N/A,#N/A,#N/A,0,#N/A,#N/A,#N/A,0,0,0,0,0,0,Defender
231,M.Sarr,u,0,0,0,0,0,0,0,#N/A,#N/A,#N/A,0,#N/A,#N/A,#N/A,0,0,0,0,0,0,Defender
232,Tosin,a,10.34,0,0,0,0,0,0,#N/A,#N/A,#N/A,0,#N/A,#N/A,#N/A,0,0,0,0,0,0,Defender
233,Acheampong,a,6.21,9,90,0,0,1,0,25-26-prem-chelsea-vs-crystal-palace,90,0,0,90,0,0,90,0,0,1,0,0,Defender
234,Anselmino,u,0,0,0,0,0,0,0,#N/A,#N/A,#N/A,0,#N/A,#N/A,#N/A,0,0,0,0,0,0,Defender
235,Palmer,a,7.43,3,90,0,0,1,0,25-26-prem-chelsea-vs-crystal-palace,90,0,0,90,0,0,90,0,0,1,0,0,Midfielder
236,Neto,a,4.17,3,90,0,0,1,0,25-26-prem-chelsea-vs-crystal-palace,90,0,0,90,0,0,90,0,0,1,0,0,Midfielder
237,Enzo,a,6.6,3,78,0,0,1,0,25-26-prem-chelsea-vs-crystal-palace,79,0,0,79,0,0,78,0,0,1,0,0,Midfielder
238,Estêvão,a,7.16,0,36,0,0,0,0,25-26-prem-chelsea-vs-crystal-palace,36,0,0,36,0,0,36,0,0,0,0,0,Midfielder
239,Gittens,a,4.97,1,53,0,0,0,0,25-26-prem-chelsea-vs-crystal-palace,54,0,0,54,0,0,53,0,0,0,0,0,Midfielder
240,Nkunku,u,0,0,0,0,0,0,0,#N/A,#N/A,#N/A,0,#N/A,#N/A,#N/A,0,0,0,0,0,0,Midfielder
241,Caicedo,s,12.92,5,90,0,0,1,0,25-26-prem-chelsea-vs-crystal-palace,90,0,0,90,0,0,90,0,0,1,0,0,Midfielder
243,George,a,1.9,0,0,0,0,0,0,#N/A,#N/A,#N/A,0,#N/A,#N/A,#N/A,0,0,0,0,0,0,Midfielder
244,Lavia,i,9.43,0,0,0,0,0,0,#N/A,#N/A,#N/A,0,#N/A,#N/A,#N/A,0,0,0,0,0,0,Midfielder
245,Mudryk,s,0,0,0,0,0,0,0,#N/A,#N/A,#N/A,0,#N/A,#N/A,#N/A,0,0,0,0,0,0,Midfielder
246,Andrey Santos,a,11.22,1,11,0,0,0,0,25-26-prem-chelsea-vs-crystal-palace,11,0,0,11,0,0,11,0,0,0,0,0,Midfielder
247,D.Essugo,i,0,0,0,0,0,0,0,#N/A,#N/A,#N/A,0,#N/A,#N/A,#N/A,0,0,0,0,0,0,Midfielder
248,Paez,u,0,0,0,0,0,0,0,#N/A,#N/A,#N/A,0,#N/A,#N/A,#N/A,0,0,0,0,0,0,Midfielder
249,João Pedro,a,5.49,2,72,0,0,1,0,25-26-prem-chelsea-vs-crystal-palace,73,0,0,73,0,0,72,0,0,1,0,0,Forward
250,Delap,i,2.6,1,17,0,0,0,0,25-26-prem-chelsea-vs-crystal-palace,17,0,0,17,0,0,17,0,0,0,0,0,Forward
251,N.Jackson,u,0,0,0,0,0,0,0,#N/A,#N/A,#N/A,0,#N/A,#N/A,#N/A,0,0,0,0,0,0,Forward
252,Marc Guiu,a,2.55,0,0,0,0,0,0,#N/A,#N/A,#N/A,0,#N/A,#N/A,#N/A,0,0,0,0,0,0,Forward
453,Garnacho,a,4.21,0,0,0,0,0,0,#N/A,#N/A,#N/A,0,#N/A,#N/A,#N/A,0,0,0,0,0,0,Midfielder
672,Hato,a,4.34,0,0,0,0,0,0,#N/A,#N/A,#N/A,0,#N/A,#N/A,#N/A,0,0,0,0,0,0,Defender
743,Emenalo,a,0,0,0,0,0,0,0,#N/A,#N/A,#N/A,0,#N/A,#N/A,#N/A,0,0,0,0,0,0,Midfielder
253,Henderson,a,0,6,90,0,0,1,0,25-26-prem-chelsea-vs-crystal-palace,90,0,0,90,0,0,90,0,0,1,0,2,Goalkeeper
254,Benitez,a,0,0,0,0,0,0,0,#N/A,#N/A,#N/A,0,#N/A,#N/A,#N/A,0,0,0,0,0,0,Goalkeeper
255,Matthews,a,0,0,0,0,0,0,0,#N/A,#N/A,#N/A,0,#N/A,#N/A,#N/A,0,0,0,0,0,0,Goalkeeper
256,Muñoz,i,7.21,5,90,0,0,1,0,25-26-prem-chelsea-vs-crystal-palace,90,0,0,90,0,0,90,0,0,1,0,0,Defender
257,Lacroix,a,10.47,8,90,0,0,1,0,25-26-prem-chelsea-vs-crystal-palace,90,0,0,90,0,0,90,0,0,1,0,0,Defender
258,Mitchell,a,7.63,9,90,0,0,1,0,25-26-prem-chelsea-vs-crystal-palace,90,0,0,90,0,0,90,0,0,1,0,0,Defender
259,Sosa,a,0,0,0,0,0,0,0,#N/A,#N/A,#N/A,0,#N/A,#N/A,#N/A,0,0,0,0,0,0,Defender
260,Guéhi,a,8.14,6,90,0,0,1,0,25-26-prem-chelsea-vs-crystal-palace,90,0,0,90,0,0,90,0,0,1,0,0,Defender
261,Richards,a,10.39,6,90,0,0,1,0,25-26-prem-chelsea-vs-crystal-palace,90,0,0,90,0,0,90,0,0,1,0,0,Defender
262,Chadi Riad,d,0,0,0,0,0,0,0,#N/A,#N/A,#N/A,0,#N/A,#N/A,#N/A,0,0,0,0,0,0,Defender
263,Clyne,a,12.38,0,0,0,0,0,0,#N/A,#N/A,#N/A,0,#N/A,#N/A,#N/A,0,0,0,0,0,0,Defender
264,Holding,u,0,0,0,0,0,0,0,#N/A,#N/A,#N/A,0,#N/A,#N/A,#N/A,0,0,0,0,0,0,Defender
265,Kporha,i,0,0,0,0,0,0,0,#N/A,#N/A,#N/A,0,#N/A,#N/A,#N/A,0,0,0,0,0,0,Defender
267,Sarr,d,6.37,3,90,0,0,1,0,25-26-prem-chelsea-vs-crystal-palace,90,0,0,90,0,0,90,0,0,1,0,0,Midfielder
268,Doucouré,i,0,0,0,0,0,0,0,#N/A,#N/A,#N/A,0,#N/A,#N/A,#N/A,0,0,0,0,0,0,Midfielder
269,Esse,a,7.5,0,0,0,0,0,0,#N/A,#N/A,#N/A,0,#N/A,#N/A,#N/A,0,0,0,0,0,0,Midfielder
270,Hughes,a,8.18,2,69,0,0,1,0,25-26-prem-chelsea-vs-crystal-palace,70,0,0,70,0,0,69,0,0,1,0,0,Midfielder
271,Kamada,a,9.49,0,0,0,0,0,0,#N/A,#N/A,#N/A,0,#N/A,#N/A,#N/A,0,0,0,0,0,0,Midfielder
272,Lerma,a,11.23,1,20,0,0,0,0,25-26-prem-chelsea-vs-crystal-palace,20,0,0,20,0,0,20,0,0,0,0,0,Midfielder
273,Wharton,a,9.89,3,90,0,0,1,0,25-26-prem-chelsea-vs-crystal-palace,90,0,0,90,0,0,90,0,0,1,0,0,Midfielder
274,Agbinone,a,0,0,0,0,0,0,0,#N/A,#N/A,#N/A,0,#N/A,#N/A,#N/A,0,0,0,0,0,0,Midfielder
275,Ahamada,a,0,0,0,0,0,0,0,#N/A,#N/A,#N/A,0,#N/A,#N/A,#N/A,0,0,0,0,0,0,Midfielder
276,Devenny,a,10.45,1,6,0,0,0,0,25-26-prem-chelsea-vs-crystal-palace,6,0,0,6,0,0,6,0,0,0,0,0,Midfielder
277,Ebiowei,u,0,0,0,0,0,0,0,#N/A,#N/A,#N/A,0,#N/A,#N/A,#N/A,0,0,0,0,0,0,Midfielder
278,J.Rak-Sakyi,u,0,0,0,0,0,0,0,#N/A,#N/A,#N/A,0,#N/A,#N/A,#N/A,0,0,0,0,0,0,Midfielder
279,M.França,u,0,0,0,0,0,0,0,#N/A,#N/A,#N/A,0,#N/A,#N/A,#N/A,0,0,0,0,0,0,Midfielder
280,Ozoh,u,0,0,0,0,0,0,0,#N/A,#N/A,#N/A,0,#N/A,#N/A,#N/A,0,0,0,0,0,0,Midfielder
281,Rodney,a,0,0,0,0,0,0,0,#N/A,#N/A,#N/A,0,#N/A,#N/A,#N/A,0,0,0,0,0,0,Midfielder
282,Umeh,u,0,0,0,0,0,0,0,#N/A,#N/A,#N/A,0,#N/A,#N/A,#N/A,0,0,0,0,0,0,Midfielder
283,Mateta,d,4.95,1,90,0,0,1,0,25-26-prem-chelsea-vs-crystal-palace,90,0,0,90,0,0,90,0,0,1,0,0,Forward
284,Nketiah,a,8.06,0,0,0,0,0,0,#N/A,#N/A,#N/A,0,#N/A,#N/A,#N/A,0,0,0,0,0,0,Forward
285,Édouard,u,45,0,0,0,0,0,0,#N/A,#N/A,#N/A,0,#N/A,#N/A,#N/A,0,0,0,0,0,0,Forward
286,Marsh,a,0,0,0,0,0,0,0,#N/A,#N/A,#N/A,0,#N/A,#N/A,#N/A,0,0,0,0,0,0,Forward
690,Cardines,a,0,0,0,0,0,0,0,#N/A,#N/A,#N/A,0,#N/A,#N/A,#N/A,0,0,0,0,0,0,Midfielder
712,Yeremy,a,6.97,0,0,0,0,0,0,#N/A,#N/A,#N/A,0,#N/A,#N/A,#N/A,0,0,0,0,0,0,Midfielder
723,Canvot,d,15.13,0,0,0,0,0,0,#N/A,#N/A,#N/A,0,#N/A,#N/A,#N/A,0,0,0,0,0,0,Defender
732,Uche,a,8.18,0,0,0,0,0,0,#N/A,#N/A,#N/A,0,#N/A,#N/A,#N/A,0,0,0,0,0,0,Forward
242,Dewsbury-Hall,a,7.83,2,90,0,0,0,1,25-26-prem-leeds-united-vs-everton,90,0,0,90,0,0,90,0,0,0,1,0,Midfielder
287,Pickford,a,0,2,90,0,0,0,1,25-26-prem-leeds-united-vs-everton,90,0,0,90,0,0,90,0,0,0,1,2,Goalkeeper
288,Travers,a,0,0,0,0,0,0,0,#N/A,#N/A,#N/A,0,#N/A,#N/A,#N/A,0,0,0,0,0,0,Goalkeeper
289,Tyrer,a,0,0,0,0,0,0,0,#N/A,#N/A,#N/A,0,#N/A,#N/A,#N/A,0,0,0,0,0,0,Goalkeeper
290,Branthwaite,i,0,0,0,0,0,0,0,#N/A,#N/A,#N/A,0,#N/A,#N/A,#N/A,0,0,0,0,0,0,Defender
291,Tarkowski,a,10.8,4,90,0,0,0,1,25-26-prem-leeds-united-vs-everton,90,0,0,90,0,0,90,0,0,0,1,0,Defender
292,Mykolenko,a,7.53,0,0,0,0,0,0,#N/A,#N/A,#N/A,0,#N/A,#N/A,#N/A,0,0,0,0,0,0,Defender
293,O'Brien,a,6.43,2,90,0,0,0,1,25-26-prem-leeds-united-vs-everton,90,0,0,90,0,0,90,0,0,0,1,0,Defender
294,Coleman,i,0,0,0,0,0,0,0,#N/A,#N/A,#N/A,0,#N/A,#N/A,#N/A,0,0,0,0,0,0,Defender
295,Keane,a,10.21,2,90,0,0,0,1,25-26-prem-leeds-united-vs-everton,90,0,0,90,0,0,90,0,0,0,1,0,Defender
296,Patterson,a,0,0,0,0,0,0,0,#N/A,#N/A,#N/A,0,#N/A,#N/A,#N/A,0,0,0,0,0,0,Defender
297,Dixon,a,0,0,0,0,0,0,0,#N/A,#N/A,#N/A,0,#N/A,#N/A,#N/A,0,0,0,0,0,0,Defender
298,Welch,a,0,0,0,0,0,0,0,#N/A,#N/A,#N/A,0,#N/A,#N/A,#N/A,0,0,0,0,0,0,Defender
299,Ndiaye,a,10.13,2,90,0,0,0,1,25-26-prem-leeds-united-vs-everton,90,0,0,90,0,0,90,0,0,0,1,0,Midfielder
300,McNeil,a,11.87,0,0,0,0,0,0,#N/A,#N/A,#N/A,0,#N/A,#N/A,#N/A,0,0,0,0,0,0,Midfielder
301,Alcaraz,a,7.98,1,85,0,0,0,1,25-26-prem-leeds-united-vs-everton,86,0,0,86,0,0,85,0,0,0,1,0,Midfielder
302,Gana,a,9.46,2,90,0,0,0,1,25-26-prem-leeds-united-vs-everton,90,0,0,90,0,0,90,0,0,0,1,0,Midfielder
303,Garner,a,10.13,2,90,0,0,0,1,25-26-prem-leeds-united-vs-everton,90,0,0,90,0,0,90,0,0,0,1,0,Midfielder
304,Iroegbunam,a,11.04,2,70,0,0,1,0,25-26-prem-leeds-united-vs-everton,71,0,0,71,0,0,70,0,0,1,0,0,Midfielder
305,Armstrong,u,0,0,0,0,0,0,0,#N/A,#N/A,#N/A,0,#N/A,#N/A,#N/A,0,0,0,0,0,0,Midfielder
306,Bates,a,0,0,0,0,0,0,0,#N/A,#N/A,#N/A,0,#N/A,#N/A,#N/A,0,0,0,0,0,0,Midfielder
307,Ebere,a,0,0,0,0,0,0,0,#N/A,#N/A,#N/A,0,#N/A,#N/A,#N/A,0,0,0,0,0,0,Midfielder
308,Heath,u,0,0,0,0,0,0,0,#N/A,#N/A,#N/A,0,#N/A,#N/A,#N/A,0,0,0,0,0,0,Midfielder
309,Metcalfe,u,0,0,0,0,0,0,0,#N/A,#N/A,#N/A,0,#N/A,#N/A,#N/A,0,0,0,0,0,0,Midfielder
310,Barry,a,2.62,1,4,0,0,0,0,25-26-prem-leeds-united-vs-everton,4,0,0,4,0,0,4,0,0,0,0,0,Forward
311,Beto,a,5.08,2,90,0,0,0,1,25-26-prem-leeds-united-vs-everton,90,0,0,90,0,0,90,0,0,0,1,0,Forward
312,Y.Chermiti,u,0,0,0,0,0,0,0,#N/A,#N/A,#N/A,0,#N/A,#N/A,#N/A,0,0,0,0,0,0,Forward
313,Sherif,u,0,0,0,0,0,0,0,#N/A,#N/A,#N/A,0,#N/A,#N/A,#N/A,0,0,0,0,0,0,Forward
419,Grealish,a,7.94,1,19,0,0,0,1,25-26-prem-leeds-united-vs-everton,19,0,0,19,0,0,19,0,0,0,1,0,Midfielder
630,King,a,0,0,0,0,0,0,0,#N/A,#N/A,#N/A,0,#N/A,#N/A,#N/A,0,0,0,0,0,0,Goalkeeper
667,Aznou,a,0,0,0,0,0,0,0,#N/A,#N/A,#N/A,0,#N/A,#N/A,#N/A,0,0,0,0,0,0,Defender
704,Onyango,u,0,0,0,0,0,0,0,#N/A,#N/A,#N/A,0,#N/A,#N/A,#N/A,0,0,0,0,0,0,Midfielder
705,Campbell,a,0,0,0,0,0,0,0,#N/A,#N/A,#N/A,0,#N/A,#N/A,#N/A,0,0,0,0,0,0,Defender
707,Dibling,a,11.84,0,0,0,0,0,0,#N/A,#N/A,#N/A,0,#N/A,#N/A,#N/A,0,0,0,0,0,0,Midfielder
728,Röhl,i,13.85,0,0,0,0,0,0,#N/A,#N/A,#N/A,0,#N/A,#N/A,#N/A,0,0,0,0,0,0,Midfielder
314,Leno,a,0,3,90,0,0,0,1,25-26-prem-brighton-hove-albion-vs-fulham,90,0,0,90,0,0,90,0,0,0,1,3,Goalkeeper
315,Benda,u,0,0,0,0,0,0,0,#N/A,#N/A,#N/A,0,#N/A,#N/A,#N/A,0,0,0,0,0,0,Goalkeeper
316,Robinson,d,2.95,0,0,0,0,0,0,#N/A,#N/A,#N/A,0,#N/A,#N/A,#N/A,0,0,0,0,0,0,Defender
317,Andersen,a,10.92,2,90,0,0,0,1,25-26-prem-brighton-hove-albion-vs-fulham,90,0,0,90,0,0,90,0,0,0,1,0,Defender
318,Bassey,a,7.67,1,90,0,0,0,1,25-26-prem-brighton-hove-albion-vs-fulham,90,0,0,90,0,0,90,0,0,0,1,0,Defender
319,Castagne,a,7.39,1,6,0,0,0,0,25-26-prem-brighton-hove-albion-vs-fulham,6,0,0,6,0,0,6,0,0,0,0,0,Defender
320,Diop,a,8.07,0,0,0,0,0,0,#N/A,#N/A,#N/A,0,#N/A,#N/A,#N/A,0,0,0,0,0,0,Defender
321,J.Cuenca,a,10.71,2,83,0,0,0,1,25-26-prem-brighton-hove-albion-vs-fulham,84,0,0,84,0,0,83,0,0,0,1,0,Defender
322,Tete,a,8.78,2,90,0,0,0,1,25-26-prem-brighton-hove-albion-vs-fulham,90,0,0,90,0,0,90,0,0,0,1,0,Defender
323,Amissah,a,0,0,0,0,0,0,0,#N/A,#N/A,#N/A,0,#N/A,#N/A,#N/A,0,0,0,0,0,0,Defender
324,Iwobi,a,6.55,2,65,0,0,0,1,25-26-prem-brighton-hove-albion-vs-fulham,66,0,0,66,0,0,65,0,0,0,1,0,Midfielder
325,Smith Rowe,a,5.12,1,13,0,0,0,0,25-26-prem-brighton-hove-albion-vs-fulham,13,0,0,13,0,0,13,0,0,0,0,0,Midfielder
326,Adama,a,4.81,1,24,0,0,0,0,25-26-prem-brighton-hove-albion-vs-fulham,24,0,0,24,0,0,24,0,0,0,0,0,Midfielder
327,Andreas,u,0,0,0,0,0,0,0,#N/A,#N/A,#N/A,0,#N/A,#N/A,#N/A,0,0,0,0,0,0,Midfielder
328,Sessegnon,i,10.66,0,0,0,0,0,0,#N/A,#N/A,#N/A,0,#N/A,#N/A,#N/A,0,0,0,0,0,0,Midfielder
329,Wilson,a,6.81,5,90,0,1,0,1,25-26-prem-brighton-hove-albion-vs-fulham,90,0,1,90,0,0,90,0,1,0,1,0,Midfielder
330,Berge,a,8.01,2,65,0,0,0,1,25-26-prem-brighton-hove-albion-vs-fulham,66,0,0,66,0,0,65,0,0,0,1,0,Midfielder
331,Cairney,a,5.91,0,24,0,0,0,0,25-26-prem-brighton-hove-albion-vs-fulham,24,0,0,24,0,0,24,0,0,0,0,0,Midfielder
332,Lukić,a,9.62,2,90,0,0,0,1,25-26-prem-brighton-hove-albion-vs-fulham,90,0,0,90,0,0,90,0,0,0,1,0,Midfielder
333,Godo,u,0,0,0,0,0,0,0,#N/A,#N/A,#N/A,0,#N/A,#N/A,#N/A,0,0,0,0,0,0,Midfielder
334,Harris,u,0,0,0,0,0,0,0,#N/A,#N/A,#N/A,0,#N/A,#N/A,#N/A,0,0,0,0,0,0,Midfielder
335,King,a,6.59,2,76,0,0,0,1,25-26-prem-brighton-hove-albion-vs-fulham,77,0,0,77,0,0,76,0,0,0,1,0,Midfielder
336,Reed,a,90,0,0,0,0,0,0,#N/A,#N/A,#N/A,0,#N/A,#N/A,#N/A,0,0,0,0,0,0,Midfielder
337,Raúl,a,5.34,2,65,0,0,0,1,25-26-prem-brighton-hove-albion-vs-fulham,66,0,0,66,0,0,65,0,0,0,1,0,Forward
338,Muniz,i,4.91,7,24,1,0,0,0,25-26-prem-brighton-hove-albion-vs-fulham,24,1,0,24,1,0,24,1,0,0,0,0,Forward
664,Lecomte,a,0,0,0,0,0,0,0,#N/A,#N/A,#N/A,0,#N/A,#N/A,#N/A,0,0,0,0,0,0,Goalkeeper
727,Chukwueze,a,7.13,0,0,0,0,0,0,#N/A,#N/A,#N/A,0,#N/A,#N/A,#N/A,0,0,0,0,0,0,Midfielder
731,Kevin,a,8,0,0,0,0,0,0,#N/A,#N/A,#N/A,0,#N/A,#N/A,#N/A,0,0,0,0,0,0,Midfielder
737,Kusi-Asare,a,0,0,0,0,0,0,0,#N/A,#N/A,#N/A,0,#N/A,#N/A,#N/A,0,0,0,0,0,0,Forward
339,Meslier,a,0,0,0,0,0,0,0,#N/A,#N/A,#N/A,0,#N/A,#N/A,#N/A,0,0,0,0,0,0,Goalkeeper
340,Cairns,a,0,0,0,0,0,0,0,#N/A,#N/A,#N/A,0,#N/A,#N/A,#N/A,0,0,0,0,0,0,Goalkeeper
341,Darlow,a,0,0,0,0,0,0,0,#N/A,#N/A,#N/A,0,#N/A,#N/A,#N/A,0,0,0,0,0,0,Goalkeeper
342,Bogle,a,5.55,6,90,0,0,1,0,25-26-prem-leeds-united-vs-everton,90,0,0,90,0,0,90,0,0,1,0,0,Defender
343,Struijk,a,7.69,8,90,0,0,1,0,25-26-prem-leeds-united-vs-everton,90,0,0,90,0,0,90,0,0,1,0,0,Defender
344,Bijol,a,9,0,0,0,0,0,0,#N/A,#N/A,#N/A,0,#N/A,#N/A,#N/A,0,0,0,0,0,0,Defender
345,Bornauw,a,0,0,0,0,0,0,0,#N/A,#N/A,#N/A,0,#N/A,#N/A,#N/A,0,0,0,0,0,0,Defender
346,Byram,a,0,0,0,0,0,0,0,#N/A,#N/A,#N/A,0,#N/A,#N/A,#N/A,0,0,0,0,0,0,Defender
347,Gudmundsson,a,7.49,9,90,0,0,1,0,25-26-prem-leeds-united-vs-everton,90,0,0,90,0,0,90,0,0,1,0,0,Defender
348,Rodon,a,8.8,7,90,0,0,1,0,25-26-prem-leeds-united-vs-everton,90,0,0,90,0,0,90,0,0,1,0,0,Defender
349,Schmidt,u,0,0,0,0,0,0,0,#N/A,#N/A,#N/A,0,#N/A,#N/A,#N/A,0,0,0,0,0,0,Defender
350,Aaronson,a,8.62,1,23,0,0,0,0,25-26-prem-leeds-united-vs-everton,23,0,0,23,0,0,23,0,0,0,0,0,Midfielder
351,Gnonto,a,7.64,3,66,0,0,1,0,25-26-prem-leeds-united-vs-everton,67,0,0,67,0,0,66,0,0,1,0,0,Midfielder
352,Harrison,a,8.28,1,12,0,0,0,0,25-26-prem-leeds-united-vs-everton,12,0,0,12,0,0,12,0,0,0,0,0,Midfielder
353,James,i,4.66,3,77,0,0,1,0,25-26-prem-leeds-united-vs-everton,78,0,0,78,0,0,77,0,0,1,0,0,Midfielder
354,Ampadu,a,11.73,3,77,0,0,1,0,25-26-prem-leeds-united-vs-everton,78,0,0,78,0,0,77,0,0,1,0,0,Midfielder
355,Greenwood,u,0,0,0,0,0,0,0,#N/A,#N/A,#N/A,0,#N/A,#N/A,#N/A,0,0,0,0,0,0,Midfielder
356,Gruev,a,8.58,1,12,0,0,0,0,25-26-prem-leeds-united-vs-everton,12,0,0,12,0,0,12,0,0,0,0,0,Midfielder
357,Ramazani,u,0,0,0,0,0,0,0,#N/A,#N/A,#N/A,0,#N/A,#N/A,#N/A,0,0,0,0,0,0,Midfielder
358,Tanaka,a,9.85,3,90,0,0,1,0,25-26-prem-leeds-united-vs-everton,89,0,0,89,0,0,90,0,0,1,0,0,Midfielder
359,Crew,u,0,0,0,0,0,0,0,#N/A,#N/A,#N/A,0,#N/A,#N/A,#N/A,0,0,0,0,0,0,Midfielder
360,Gelhardt,u,0,0,0,0,0,0,0,#N/A,#N/A,#N/A,0,#N/A,#N/A,#N/A,0,0,0,0,0,0,Midfielder
361,Gyabi,u,0,0,0,0,0,0,0,#N/A,#N/A,#N/A,0,#N/A,#N/A,#N/A,0,0,0,0,0,0,Midfielder
362,Piroe,a,3.69,2,77,0,0,1,0,25-26-prem-leeds-united-vs-everton,78,0,0,78,0,0,77,0,0,1,0,0,Forward
363,Bamford,u,0,0,0,0,0,0,0,#N/A,#N/A,#N/A,0,#N/A,#N/A,#N/A,0,0,0,0,0,0,Forward
364,Mateo Joseph,u,0,0,0,0,0,0,0,#N/A,#N/A,#N/A,0,#N/A,#N/A,#N/A,0,0,0,0,0,0,Forward
365,Nmecha,i,4.6,5,12,1,0,0,0,25-26-prem-leeds-united-vs-everton,12,1,0,12,1,0,12,1,0,0,0,0,Forward
493,Longstaff,i,9.65,1,1,0,0,0,0,25-26-prem-leeds-united-vs-everton,1,0,0,1,0,0,1,0,0,0,0,0,Midfielder
660,Stach,a,8.82,8,90,0,1,1,0,25-26-prem-leeds-united-vs-everton,90,0,1,90,0,0,90,0,1,1,0,0,Midfielder
665,Perri,a,0,6,90,0,0,1,0,25-26-prem-leeds-united-vs-everton,90,0,0,90,0,0,90,0,0,1,0,1,Goalkeeper
691,Calvert-Lewin,a,3.38,0,0,0,0,0,0,#N/A,#N/A,#N/A,0,#N/A,#N/A,#N/A,0,0,0,0,0,0,Forward
698,Okafor,a,7.18,0,0,0,0,0,0,#N/A,#N/A,#N/A,0,#N/A,#N/A,#N/A,0,0,0,0,0,0,Midfielder
706,Justin,a,9.73,0,0,0,0,0,0,#N/A,#N/A,#N/A,0,#N/A,#N/A,#N/A,0,0,0,0,0,0,Defender
741,Gray,a,0,0,0,0,0,0,0,#N/A,#N/A,#N/A,0,#N/A,#N/A,#N/A,0,0,0,0,0,0,Forward
366,A.Becker,a,0,1,90,0,0,0,2,25-26-prem-liverpool-vs-afc-bournemouth,90,0,0,90,0,0,90,0,0,0,2,1,Goalkeeper
367,Mamardashvili,a,0,0,0,0,0,0,0,#N/A,#N/A,#N/A,0,#N/A,#N/A,#N/A,0,0,0,0,0,0,Goalkeeper
368,Pécsi,a,0,0,0,0,0,0,0,#N/A,#N/A,#N/A,0,#N/A,#N/A,#N/A,0,0,0,0,0,0,Goalkeeper
369,Woodman,a,0,0,0,0,0,0,0,#N/A,#N/A,#N/A,0,#N/A,#N/A,#N/A,0,0,0,0,0,0,Goalkeeper
370,Frimpong,i,7.59,1,59,0,0,0,0,25-26-prem-liverpool-vs-afc-bournemouth,60,0,0,60,0,0,59,0,0,0,0,0,Defender
371,Kerkez,a,6.33,0,59,0,0,0,0,25-26-prem-liverpool-vs-afc-bournemouth,60,0,0,60,0,0,59,0,0,0,0,0,Defender
372,Robertson,a,5.81,0,30,0,0,0,2,25-26-prem-liverpool-vs-afc-bournemouth,30,0,0,30,0,0,30,0,0,0,2,0,Defender
373,Virgil,a,11,3,90,0,0,0,2,25-26-prem-liverpool-vs-afc-bournemouth,90,0,0,90,0,0,90,0,0,0,2,0,Defender
374,Konaté,a,9.32,1,90,0,0,0,2,25-26-prem-liverpool-vs-afc-bournemouth,90,0,0,90,0,0,90,0,0,0,2,0,Defender
375,Bradley,s,5.44,0,0,0,0,0,0,#N/A,#N/A,#N/A,0,#N/A,#N/A,#N/A,0,0,0,0,0,0,Defender
376,Gomez,a,7.4,1,18,0,0,0,1,25-26-prem-liverpool-vs-afc-bournemouth,18,0,0,18,0,0,18,0,0,0,1,0,Defender
377,Tsimikas,u,0,0,0,0,0,0,0,#N/A,#N/A,#N/A,0,#N/A,#N/A,#N/A,0,0,0,0,0,0,Defender
378,Nallo,a,0,0,0,0,0,0,0,#N/A,#N/A,#N/A,0,#N/A,#N/A,#N/A,0,0,0,0,0,0,Defender
379,R.Williams,a,0,0,0,0,0,0,0,#N/A,#N/A,#N/A,0,#N/A,#N/A,#N/A,0,0,0,0,0,0,Defender
380,Ramsay,a,0,0,0,0,0,0,0,#N/A,#N/A,#N/A,0,#N/A,#N/A,#N/A,0,0,0,0,0,0,Defender
381,M.Salah,a,3.3,8,90,1,0,0,2,25-26-prem-liverpool-vs-afc-bournemouth,90,1,0,90,1,0,90,1,0,0,2,0,Midfielder
382,Wirtz,a,5.69,2,81,0,0,0,2,25-26-prem-liverpool-vs-afc-bournemouth,82,0,0,82,0,0,81,0,0,0,2,0,Midfielder
383,Luis Díaz,u,0,0,0,0,0,0,0,#N/A,#N/A,#N/A,0,#N/A,#N/A,#N/A,0,0,0,0,0,0,Midfielder
384,Gakpo,i,5.23,7,90,1,0,0,2,25-26-prem-liverpool-vs-afc-bournemouth,90,1,0,90,1,0,90,1,0,0,2,0,Midfielder
385,Chiesa,a,9.44,6,8,1,0,0,0,25-26-prem-liverpool-vs-afc-bournemouth,8,1,0,8,1,0,8,1,0,0,0,0,Midfielder
386,Mac Allister,a,7.99,5,71,0,1,0,1,25-26-prem-liverpool-vs-afc-bournemouth,72,0,1,72,0,1,71,0,1,0,1,0,Midfielder
387,Szoboszlai,a,10.53,2,90,0,0,0,2,25-26-prem-liverpool-vs-afc-bournemouth,90,0,0,90,0,0,90,0,0,0,2,0,Midfielder
388,C.Jones,a,10.9,1,18,0,0,0,1,25-26-prem-liverpool-vs-afc-bournemouth,18,0,0,18,0,0,18,0,0,0,1,0,Midfielder
390,Gravenberch,a,8.83,0,0,0,0,0,0,#N/A,#N/A,#N/A,0,#N/A,#N/A,#N/A,0,0,0,0,0,0,Midfielder
392,Endo,i,14.65,4,30,0,1,0,2,25-26-prem-liverpool-vs-afc-bournemouth,30,0,1,30,0,1,30,0,1,0,2,0,Midfielder
393,Bajcetic,i,0,0,0,0,0,0,0,#N/A,#N/A,#N/A,0,#N/A,#N/A,#N/A,0,0,0,0,0,0,Midfielder
394,McConnell,u,0,0,0,0,0,0,0,#N/A,#N/A,#N/A,0,#N/A,#N/A,#N/A,0,0,0,0,0,0,Midfielder
395,Morton,u,0,0,0,0,0,0,0,#N/A,#N/A,#N/A,0,#N/A,#N/A,#N/A,0,0,0,0,0,0,Midfielder
396,Nyoni,a,0,0,0,0,0,0,0,#N/A,#N/A,#N/A,0,#N/A,#N/A,#N/A,0,0,0,0,0,0,Midfielder
397,Darwin,u,0,0,0,0,0,0,0,#N/A,#N/A,#N/A,0,#N/A,#N/A,#N/A,0,0,0,0,0,0,Forward
398,Danns,i,0,0,0,0,0,0,0,#N/A,#N/A,#N/A,0,#N/A,#N/A,#N/A,0,0,0,0,0,0,Forward
499,Isak,d,3.79,0,0,0,0,0,0,#N/A,#N/A,#N/A,0,#N/A,#N/A,#N/A,0,0,0,0,0,0,Forward
661,Ekitiké,a,4.69,11,71,1,1,0,1,25-26-prem-liverpool-vs-afc-bournemouth,72,1,1,72,1,1,71,1,1,0,1,0,Forward
686,Ngumoha,a,6.43,0,0,0,0,0,0,#N/A,#N/A,#N/A,0,#N/A,#N/A,#N/A,0,0,0,0,0,0,Midfielder
692,Leoni,i,0,0,0,0,0,0,0,#N/A,#N/A,#N/A,0,#N/A,#N/A,#N/A,0,0,0,0,0,0,Defender
746,Morrison,a,0,0,0,0,0,0,0,#N/A,#N/A,#N/A,0,#N/A,#N/A,#N/A,0,0,0,0,0,0,Midfielder
182,Trafford,a,0,7,90,0,0,1,0,25-26-prem-wolverhampton-wanderers-vs-manchester-city,90,0,0,90,0,0,90,0,0,1,0,3,Goalkeeper
399,Ederson M.,u,0,0,0,0,0,0,0,#N/A,#N/A,#N/A,0,#N/A,#N/A,#N/A,0,0,0,0,0,0,Goalkeeper
400,Ortega Moreno,a,0,0,0,0,0,0,0,#N/A,#N/A,#N/A,0,#N/A,#N/A,#N/A,0,0,0,0,0,0,Goalkeeper
401,Bettinelli,a,0,0,0,0,0,0,0,#N/A,#N/A,#N/A,0,#N/A,#N/A,#N/A,0,0,0,0,0,0,Goalkeeper
402,Aït-Nouri,a,10.2,9,90,0,0,1,0,25-26-prem-wolverhampton-wanderers-vs-manchester-city,90,0,0,90,0,0,90,0,0,1,0,0,Defender
403,Gvardiol,a,6.17,0,0,0,0,0,0,#N/A,#N/A,#N/A,0,#N/A,#N/A,#N/A,0,0,0,0,0,0,Defender
404,Akanji,u,0,0,0,0,0,0,0,#N/A,#N/A,#N/A,0,#N/A,#N/A,#N/A,0,0,0,0,0,0,Defender
405,Aké,a,5.68,0,0,0,0,0,0,#N/A,#N/A,#N/A,0,#N/A,#N/A,#N/A,0,0,0,0,0,0,Defender
406,Khusanov,a,8.72,1,8,0,0,0,0,25-26-prem-wolverhampton-wanderers-vs-manchester-city,8,0,0,8,0,0,8,0,0,0,0,0,Defender
407,Matheus N.,a,7.09,1,24,0,0,0,0,25-26-prem-wolverhampton-wanderers-vs-manchester-city,24,0,0,24,0,0,24,0,0,0,0,0,Defender
408,Rúben,a,6.97,6,90,0,0,1,0,25-26-prem-wolverhampton-wanderers-vs-manchester-city,90,0,0,90,0,0,90,0,0,1,0,0,Defender
409,Stones,d,4.87,6,81,0,0,1,0,25-26-prem-wolverhampton-wanderers-vs-manchester-city,82,0,0,82,0,0,81,0,0,1,0,0,Defender
410,Lewis,a,6,11,65,0,1,1,0,25-26-prem-wolverhampton-wanderers-vs-manchester-city,66,0,1,66,0,1,65,0,1,1,0,0,Defender
411,O'Reilly,a,7.42,0,24,0,0,0,0,25-26-prem-wolverhampton-wanderers-vs-manchester-city,24,0,0,24,0,0,24,0,0,0,0,0,Defender
412,Vitor Reis,u,0,0,0,0,0,0,0,#N/A,#N/A,#N/A,0,#N/A,#N/A,#N/A,0,0,0,0,0,0,Defender
413,Marmoush,a,7.09,1,24,0,0,0,0,25-26-prem-wolverhampton-wanderers-vs-manchester-city,24,0,0,24,0,0,24,0,0,0,0,0,Midfielder
414,Foden,a,6.8,0,0,0,0,0,0,#N/A,#N/A,#N/A,0,#N/A,#N/A,#N/A,0,0,0,0,0,0,Midfielder
415,Savinho,a,7.22,0,0,0,0,0,0,#N/A,#N/A,#N/A,0,#N/A,#N/A,#N/A,0,0,0,0,0,0,Midfielder
416,Bernardo,a,7.94,3,65,0,0,1,0,25-26-prem-wolverhampton-wanderers-vs-manchester-city,66,0,0,66,0,0,65,0,0,1,0,0,Midfielder
417,Cherki,a,7.33,6,17,1,0,0,0,25-26-prem-wolverhampton-wanderers-vs-manchester-city,17,1,0,17,1,0,17,1,0,0,0,0,Midfielder
418,Doku,a,5.58,3,65,0,0,1,0,25-26-prem-wolverhampton-wanderers-vs-manchester-city,66,0,0,66,0,0,65,0,0,1,0,0,Midfielder
420,Gündoğan,u,0,0,0,0,0,0,0,#N/A,#N/A,#N/A,0,#N/A,#N/A,#N/A,0,0,0,0,0,0,Midfielder
421,Rodrigo,i,12.33,0,0,0,0,0,0,#N/A,#N/A,#N/A,0,#N/A,#N/A,#N/A,0,0,0,0,0,0,Midfielder
422,Kovačić,i,0,0,0,0,0,0,0,#N/A,#N/A,#N/A,0,#N/A,#N/A,#N/A,0,0,0,0,0,0,Midfielder
423,N.Gonzalez,a,11.24,3,90,0,0,1,0,25-26-prem-wolverhampton-wanderers-vs-manchester-city,90,0,0,90,0,0,90,0,0,1,0,0,Midfielder
424,Bobb,a,5.62,6,90,0,1,1,0,25-26-prem-wolverhampton-wanderers-vs-manchester-city,90,0,1,90,0,1,90,0,1,1,0,0,Midfielder
425,Echeverri,u,0,0,0,0,0,0,0,#N/A,#N/A,#N/A,0,#N/A,#N/A,#N/A,0,0,0,0,0,0,Midfielder
427,Reijnders,a,5.42,10,90,1,1,1,0,25-26-prem-wolverhampton-wanderers-vs-manchester-city,90,1,1,90,1,1,90,1,1,1,0,0,Midfielder
428,Nypan,u,0,0,0,0,0,0,0,#N/A,#N/A,#N/A,0,#N/A,#N/A,#N/A,0,0,0,0,0,0,Midfielder
429,Phillips,a,0,0,0,0,0,0,0,#N/A,#N/A,#N/A,0,#N/A,#N/A,#N/A,0,0,0,0,0,0,Midfielder
430,Haaland,a,3.44,13,72,2,0,1,0,25-26-prem-wolverhampton-wanderers-vs-manchester-city,73,2,0,73,2,0,72,2,0,1,0,0,Forward
736,Donnarumma,a,0,0,0,0,0,0,0,#N/A,#N/A,#N/A,0,#N/A,#N/A,#N/A,0,0,0,0,0,0,Goalkeeper
739,Mukasa,a,0,0,0,0,0,0,0,#N/A,#N/A,#N/A,0,#N/A,#N/A,#N/A,0,0,0,0,0,0,Midfielder
740,Mfuni,a,0,0,0,0,0,0,0,#N/A,#N/A,#N/A,0,#N/A,#N/A,#N/A,0,0,0,0,0,0,Defender
742,McAidoo,a,0,0,0,0,0,0,0,#N/A,#N/A,#N/A,0,#N/A,#N/A,#N/A,0,0,0,0,0,0,Midfielder
119,Mbeumo,a,4.72,2,90,0,0,0,1,25-26-prem-manchester-united-vs-arsenal,90,0,0,90,0,0,90,0,0,0,1,0,Midfielder
431,Bayindir,a,0,2,90,0,0,0,1,25-26-prem-manchester-united-vs-arsenal,90,0,0,90,0,0,90,0,0,0,1,2,Goalkeeper
432,Onana,u,0,0,0,0,0,0,0,#N/A,#N/A,#N/A,0,#N/A,#N/A,#N/A,0,0,0,0,0,0,Goalkeeper
433,Harrison,u,0,0,0,0,0,0,0,#N/A,#N/A,#N/A,0,#N/A,#N/A,#N/A,0,0,0,0,0,0,Goalkeeper
434,Heaton,a,0,0,0,0,0,0,0,#N/A,#N/A,#N/A,0,#N/A,#N/A,#N/A,0,0,0,0,0,0,Goalkeeper
435,Mee,a,0,0,0,0,0,0,0,#N/A,#N/A,#N/A,0,#N/A,#N/A,#N/A,0,0,0,0,0,0,Goalkeeper
436,De Ligt,i,8.23,4,90,0,0,0,1,25-26-prem-manchester-united-vs-arsenal,90,0,0,90,0,0,90,0,0,0,1,0,Defender
437,Martinez,a,11.61,0,0,0,0,0,0,#N/A,#N/A,#N/A,0,#N/A,#N/A,#N/A,0,0,0,0,0,0,Defender
438,Mazraoui,a,8.61,0,0,0,0,0,0,#N/A,#N/A,#N/A,0,#N/A,#N/A,#N/A,0,0,0,0,0,0,Defender
439,D.Leon,a,0,0,0,0,0,0,0,#N/A,#N/A,#N/A,0,#N/A,#N/A,#N/A,0,0,0,0,0,0,Defender
440,Dalot,a,6.04,1,54,0,0,0,1,25-26-prem-manchester-united-vs-arsenal,55,0,0,55,0,0,54,0,0,0,1,0,Defender
441,Dorgu,a,6.61,1,90,0,0,0,1,25-26-prem-manchester-united-vs-arsenal,90,0,0,90,0,0,90,0,0,0,1,0,Defender
442,Maguire,i,6.07,1,10,0,0,0,0,25-26-prem-manchester-united-vs-arsenal,10,0,0,10,0,0,10,0,0,0,0,0,Defender
443,Shaw,a,5.34,2,79,0,0,0,1,25-26-prem-manchester-united-vs-arsenal,80,0,0,80,0,0,79,0,0,0,1,0,Defender
444,Yoro,a,7.23,4,90,0,0,0,1,25-26-prem-manchester-united-vs-arsenal,90,0,0,90,0,0,90,0,0,0,1,0,Defender
445,Amass,u,0,0,0,0,0,0,0,#N/A,#N/A,#N/A,0,#N/A,#N/A,#N/A,0,0,0,0,0,0,Defender
446,Fredricson,a,0,0,0,0,0,0,0,#N/A,#N/A,#N/A,0,#N/A,#N/A,#N/A,0,0,0,0,0,0,Defender
447,Heaven,a,10.85,0,0,0,0,0,0,#N/A,#N/A,#N/A,0,#N/A,#N/A,#N/A,0,0,0,0,0,0,Defender
448,Malacia,a,0,0,0,0,0,0,0,#N/A,#N/A,#N/A,0,#N/A,#N/A,#N/A,0,0,0,0,0,0,Defender
449,B.Fernandes,a,10.61,2,90,0,0,0,1,25-26-prem-manchester-united-vs-arsenal,90,0,0,90,0,0,90,0,0,0,1,0,Midfielder
450,Cunha,a,7.21,2,90,0,0,0,1,25-26-prem-manchester-united-vs-arsenal,90,0,0,90,0,0,90,0,0,0,1,0,Midfielder
451,Rashford,u,0,0,0,0,0,0,0,#N/A,#N/A,#N/A,0,#N/A,#N/A,#N/A,0,0,0,0,0,0,Midfielder
452,Amad,a,8.25,1,35,0,0,0,0,25-26-prem-manchester-united-vs-arsenal,35,0,0,35,0,0,35,0,0,0,0,0,Midfielder
454,Antony,u,0,0,0,0,0,0,0,#N/A,#N/A,#N/A,0,#N/A,#N/A,#N/A,0,0,0,0,0,0,Midfielder
455,Mount,a,6.37,2,64,0,0,0,1,25-26-prem-manchester-united-vs-arsenal,65,0,0,65,0,0,64,0,0,0,1,0,Midfielder
457,Casemiro,a,11.6,2,64,0,0,0,1,25-26-prem-manchester-united-vs-arsenal,65,0,0,65,0,0,64,0,0,0,1,0,Midfielder
458,Mainoo,a,9.84,0,0,0,0,0,0,#N/A,#N/A,#N/A,0,#N/A,#N/A,#N/A,0,0,0,0,0,0,Midfielder
459,Ugarte,a,15,1,25,0,0,0,0,25-26-prem-manchester-united-vs-arsenal,25,0,0,25,0,0,25,0,0,0,0,0,Midfielder
460,Collyer,u,0,0,0,0,0,0,0,#N/A,#N/A,#N/A,0,#N/A,#N/A,#N/A,0,0,0,0,0,0,Midfielder
461,Fitzgerald,a,0,0,0,0,0,0,0,#N/A,#N/A,#N/A,0,#N/A,#N/A,#N/A,0,0,0,0,0,0,Midfielder
462,J.Fletcher,a,0,0,0,0,0,0,0,#N/A,#N/A,#N/A,0,#N/A,#N/A,#N/A,0,0,0,0,0,0,Midfielder
463,Kone,a,0,0,0,0,0,0,0,#N/A,#N/A,#N/A,0,#N/A,#N/A,#N/A,0,0,0,0,0,0,Midfielder
464,Moorhouse,u,0,0,0,0,0,0,0,#N/A,#N/A,#N/A,0,#N/A,#N/A,#N/A,0,0,0,0,0,0,Midfielder
465,Højlund,u,0,0,0,0,0,0,0,#N/A,#N/A,#N/A,0,#N/A,#N/A,#N/A,0,0,0,0,0,0,Forward
466,Zirkzee,a,6.78,0,0,0,0,0,0,#N/A,#N/A,#N/A,0,#N/A,#N/A,#N/A,0,0,0,0,0,0,Forward
467,Obi,a,0,0,0,0,0,0,0,#N/A,#N/A,#N/A,0,#N/A,#N/A,#N/A,0,0,0,0,0,0,Forward
468,Wheatley,u,0,0,0,0,0,0,0,#N/A,#N/A,#N/A,0,#N/A,#N/A,#N/A,0,0,0,0,0,0,Forward
681,Šeško,d,3.94,1,25,0,0,0,0,25-26-prem-manchester-united-vs-arsenal,25,0,0,25,0,0,25,0,0,0,0,0,Forward
733,Lammens,a,0,0,0,0,0,0,0,#N/A,#N/A,#N/A,0,#N/A,#N/A,#N/A,0,0,0,0,0,0,Goalkeeper
755,Lacey,a,0,0,0,0,0,0,0,#N/A,#N/A,#N/A,0,#N/A,#N/A,#N/A,0,0,0,0,0,0,Midfielder
52,J.Ramsey,a,9.93,0,0,0,0,0,0,#N/A,#N/A,#N/A,0,#N/A,#N/A,#N/A,0,0,0,0,0,0,Midfielder
135,Wissa,a,5.62,0,0,0,0,0,0,#N/A,#N/A,#N/A,0,#N/A,#N/A,#N/A,0,0,0,0,0,0,Forward
469,Pope,d,0,9,90,0,0,1,0,25-26-prem-aston-villa-vs-newcastle-united,90,0,0,90,0,0,90,0,0,1,0,3,Goalkeeper
471,Gillespie,a,0,0,0,0,0,0,0,#N/A,#N/A,#N/A,0,#N/A,#N/A,#N/A,0,0,0,0,0,0,Goalkeeper
472,Odysseas,u,0,0,0,0,0,0,0,#N/A,#N/A,#N/A,0,#N/A,#N/A,#N/A,0,0,0,0,0,0,Goalkeeper
473,Hall,a,8.83,0,0,0,0,0,0,#N/A,#N/A,#N/A,0,#N/A,#N/A,#N/A,0,0,0,0,0,0,Defender
474,Schär,a,10.1,8,90,0,0,1,0,25-26-prem-aston-villa-vs-newcastle-united,90,0,0,90,0,0,90,0,0,1,0,0,Defender
475,Botman,d,9.07,0,0,0,0,0,0,#N/A,#N/A,#N/A,0,#N/A,#N/A,#N/A,0,0,0,0,0,0,Defender
476,Burn,a,8.53,9,90,0,0,1,0,25-26-prem-aston-villa-vs-newcastle-united,90,0,0,90,0,0,90,0,0,1,0,0,Defender
477,Livramento,a,5.49,9,90,0,0,1,0,25-26-prem-aston-villa-vs-newcastle-united,90,0,0,90,0,0,90,0,0,1,0,0,Defender
478,Trippier,d,3.99,6,90,0,0,1,0,25-26-prem-aston-villa-vs-newcastle-united,90,0,0,90,0,0,90,0,0,1,0,0,Defender
479,Krafth,d,2,0,0,0,0,0,0,#N/A,#N/A,#N/A,0,#N/A,#N/A,#N/A,0,0,0,0,0,0,Defender
480,Lascelles,a,23.68,0,0,0,0,0,0,#N/A,#N/A,#N/A,0,#N/A,#N/A,#N/A,0,0,0,0,0,0,Defender
481,A.Murphy,a,0,0,0,0,0,0,0,#N/A,#N/A,#N/A,0,#N/A,#N/A,#N/A,0,0,0,0,0,0,Defender
482,Ashby,a,0,0,0,0,0,0,0,#N/A,#N/A,#N/A,0,#N/A,#N/A,#N/A,0,0,0,0,0,0,Defender
483,Pivas,a,0,0,0,0,0,0,0,#N/A,#N/A,#N/A,0,#N/A,#N/A,#N/A,0,0,0,0,0,0,Defender
484,Targett,u,0,0,0,0,0,0,0,#N/A,#N/A,#N/A,0,#N/A,#N/A,#N/A,0,0,0,0,0,0,Defender
485,Gordon,a,4.51,3,90,0,0,1,0,25-26-prem-aston-villa-vs-newcastle-united,90,0,0,90,0,0,90,0,0,1,0,0,Midfielder
486,Elanga,a,3.15,3,77,0,0,1,0,25-26-prem-aston-villa-vs-newcastle-united,78,0,0,78,0,0,77,0,0,1,0,0,Midfielder
487,Barnes,a,4.48,3,89,0,0,1,0,25-26-prem-aston-villa-vs-newcastle-united,89,0,0,89,0,0,89,0,0,1,0,0,Midfielder
488,Bruno G.,a,8.86,3,90,0,0,1,0,25-26-prem-aston-villa-vs-newcastle-united,90,0,0,90,0,0,90,0,0,1,0,0,Midfielder
489,J.Murphy,a,3.74,1,12,0,0,0,0,25-26-prem-aston-villa-vs-newcastle-united,12,0,0,12,0,0,12,0,0,0,0,0,Midfielder
490,Joelinton,d,10.3,2,82,0,0,1,0,25-26-prem-aston-villa-vs-newcastle-united,83,0,0,83,0,0,82,0,0,1,0,0,Midfielder
491,Tonali,a,8.77,3,90,0,0,1,0,25-26-prem-aston-villa-vs-newcastle-united,90,0,0,90,0,0,90,0,0,1,0,0,Midfielder
492,Antoñito C.,u,0,0,0,0,0,0,0,#N/A,#N/A,#N/A,0,#N/A,#N/A,#N/A,0,0,0,0,0,0,Midfielder
494,Willock,a,8.76,0,0,0,0,0,0,#N/A,#N/A,#N/A,0,#N/A,#N/A,#N/A,0,0,0,0,0,0,Midfielder
495,Hayden,u,0,0,0,0,0,0,0,#N/A,#N/A,#N/A,0,#N/A,#N/A,#N/A,0,0,0,0,0,0,Midfielder
496,Kuol,u,0,0,0,0,0,0,0,#N/A,#N/A,#N/A,0,#N/A,#N/A,#N/A,0,0,0,0,0,0,Midfielder
497,L.Miley,a,8.06,1,7,0,0,0,0,25-26-prem-aston-villa-vs-newcastle-united,7,0,0,7,0,0,7,0,0,0,0,0,Midfielder
498,White,u,0,0,0,0,0,0,0,#N/A,#N/A,#N/A,0,#N/A,#N/A,#N/A,0,0,0,0,0,0,Midfielder
500,Osula,d,3.38,1,1,0,0,0,0,25-26-prem-aston-villa-vs-newcastle-united,1,0,0,1,0,0,1,0,0,0,0,0,Forward
501,Neave,a,0,0,0,0,0,0,0,#N/A,#N/A,#N/A,0,#N/A,#N/A,#N/A,0,0,0,0,0,0,Forward
674,Ramsdale,a,0,0,0,0,0,0,0,#N/A,#N/A,#N/A,0,#N/A,#N/A,#N/A,0,0,0,0,0,0,Goalkeeper
684,Thiaw,a,8.53,0,0,0,0,0,0,#N/A,#N/A,#N/A,0,#N/A,#N/A,#N/A,0,0,0,0,0,0,Defender
689,Seung soo,a,0,0,0,0,0,0,0,#N/A,#N/A,#N/A,0,#N/A,#N/A,#N/A,0,0,0,0,0,0,Midfielder
714,Woltemade,a,4.74,0,0,0,0,0,0,#N/A,#N/A,#N/A,0,#N/A,#N/A,#N/A,0,0,0,0,0,0,Forward
753,Ruddy,a,0,0,0,0,0,0,0,#N/A,#N/A,#N/A,0,#N/A,#N/A,#N/A,0,0,0,0,0,0,Goalkeeper
12,Zinchenko,a,7.47,0,0,0,0,0,0,#N/A,#N/A,#N/A,0,#N/A,#N/A,#N/A,0,0,0,0,0,0,Defender
426,McAtee,a,6.18,0,0,0,0,0,0,#N/A,#N/A,#N/A,0,#N/A,#N/A,#N/A,0,0,0,0,0,0,Midfielder
502,Sels,d,0,2,90,0,0,0,1,25-26-prem-nottingham-forest-vs-brentford,90,0,0,90,0,0,90,0,0,0,1,2,Goalkeeper
503,C.Miguel,u,0,0,0,0,0,0,0,#N/A,#N/A,#N/A,0,#N/A,#N/A,#N/A,0,0,0,0,0,0,Goalkeeper
504,Turner,u,0,0,0,0,0,0,0,#N/A,#N/A,#N/A,0,#N/A,#N/A,#N/A,0,0,0,0,0,0,Goalkeeper
505,Milenković,a,7.67,2,90,0,0,0,1,25-26-prem-nottingham-forest-vs-brentford,90,0,0,90,0,0,90,0,0,0,1,0,Defender
506,Murillo,a,9.62,2,90,0,0,0,1,25-26-prem-nottingham-forest-vs-brentford,90,0,0,90,0,0,90,0,0,0,1,0,Defender
507,Aina,i,7.33,4,90,0,0,0,1,25-26-prem-nottingham-forest-vs-brentford,90,0,0,90,0,0,90,0,0,0,1,0,Defender
508,N.Williams,a,6.8,1,90,0,0,0,1,25-26-prem-nottingham-forest-vs-brentford,90,0,0,90,0,0,90,0,0,0,1,0,Defender
509,David Carmo,u,0,0,0,0,0,0,0,#N/A,#N/A,#N/A,0,#N/A,#N/A,#N/A,0,0,0,0,0,0,Defender
510,Jair Cunha,a,11,0,0,0,0,0,0,#N/A,#N/A,#N/A,0,#N/A,#N/A,#N/A,0,0,0,0,0,0,Defender
511,Morato,a,8.9,0,0,0,0,0,0,#N/A,#N/A,#N/A,0,#N/A,#N/A,#N/A,0,0,0,0,0,0,Defender
512,O.Richards,u,0,0,0,0,0,0,0,#N/A,#N/A,#N/A,0,#N/A,#N/A,#N/A,0,0,0,0,0,0,Defender
513,Abbott,a,14,0,0,0,0,0,0,#N/A,#N/A,#N/A,0,#N/A,#N/A,#N/A,0,0,0,0,0,0,Defender
514,Boly,a,0,0,0,0,0,0,0,#N/A,#N/A,#N/A,0,#N/A,#N/A,#N/A,0,0,0,0,0,0,Defender
515,Gibbs-White,a,4.86,5,83,0,1,0,1,25-26-prem-nottingham-forest-vs-brentford,84,0,1,84,0,1,83,0,1,0,1,0,Midfielder
516,Hudson-Odoi,a,5.26,2,90,0,0,0,1,25-26-prem-nottingham-forest-vs-brentford,90,0,0,90,0,0,90,0,0,0,1,0,Midfielder
517,Anderson,a,13.27,6,90,0,1,0,1,25-26-prem-nottingham-forest-vs-brentford,90,0,1,90,0,1,90,0,1,0,1,0,Midfielder
518,Jota,u,24.55,1,11,0,0,0,0,25-26-prem-nottingham-forest-vs-brentford,11,0,0,11,0,0,11,0,0,0,0,0,Midfielder
519,Dominguez,a,9.22,0,0,0,0,0,0,#N/A,#N/A,#N/A,0,#N/A,#N/A,#N/A,0,0,0,0,0,0,Midfielder
520,O'Brien,u,0,0,0,0,0,0,0,#N/A,#N/A,#N/A,0,#N/A,#N/A,#N/A,0,0,0,0,0,0,Midfielder
521,Sangaré,a,10.93,2,90,0,0,0,1,25-26-prem-nottingham-forest-vs-brentford,90,0,0,90,0,0,90,0,0,0,1,0,Midfielder
522,Yates,i,9.93,1,6,0,0,0,0,25-26-prem-nottingham-forest-vs-brentford,6,0,0,6,0,0,6,0,0,0,0,0,Midfielder
523,Da Silva Moreira,u,0,0,0,0,0,0,0,#N/A,#N/A,#N/A,0,#N/A,#N/A,#N/A,0,0,0,0,0,0,Midfielder
524,Stamenic,u,0,0,0,0,0,0,0,#N/A,#N/A,#N/A,0,#N/A,#N/A,#N/A,0,0,0,0,0,0,Midfielder
525,Wood,i,2.34,13,78,2,0,0,1,25-26-prem-nottingham-forest-vs-brentford,79,2,0,79,2,0,78,2,0,0,1,0,Forward
526,Igor Jesus,a,5.41,1,11,0,0,0,0,25-26-prem-nottingham-forest-vs-brentford,11,0,0,11,0,0,11,0,0,0,0,0,Forward
527,Awoniyi,d,6.09,0,0,0,0,0,0,#N/A,#N/A,#N/A,0,#N/A,#N/A,#N/A,0,0,0,0,0,0,Forward
669,Ndoye,a,7.05,9,78,1,0,0,1,25-26-prem-nottingham-forest-vs-brentford,79,1,0,79,1,0,78,1,0,0,1,0,Midfielder
675,Gunn,i,0,0,0,0,0,0,0,#N/A,#N/A,#N/A,0,#N/A,#N/A,#N/A,0,0,0,0,0,0,Goalkeeper
693,Hutchinson,a,6.36,0,0,0,0,0,0,#N/A,#N/A,#N/A,0,#N/A,#N/A,#N/A,0,0,0,0,0,0,Midfielder
696,Kalimuendo,a,5.56,0,0,0,0,0,0,#N/A,#N/A,#N/A,0,#N/A,#N/A,#N/A,0,0,0,0,0,0,Forward
699,Douglas Luiz,a,7.78,0,0,0,0,0,0,#N/A,#N/A,#N/A,0,#N/A,#N/A,#N/A,0,0,0,0,0,0,Midfielder
715,John,a,0,0,0,0,0,0,0,#N/A,#N/A,#N/A,0,#N/A,#N/A,#N/A,0,0,0,0,0,0,Goalkeeper
716,Savona,a,5.69,0,0,0,0,0,0,#N/A,#N/A,#N/A,0,#N/A,#N/A,#N/A,0,0,0,0,0,0,Defender
729,Cuiabano,u,0,0,0,0,0,0,0,#N/A,#N/A,#N/A,0,#N/A,#N/A,#N/A,0,0,0,0,0,0,Defender
734,Bakwa,a,6.8,0,0,0,0,0,0,#N/A,#N/A,#N/A,0,#N/A,#N/A,#N/A,0,0,0,0,0,0,Midfielder
528,Patterson,a,0,0,0,0,0,0,0,#N/A,#N/A,#N/A,0,#N/A,#N/A,#N/A,0,0,0,0,0,0,Goalkeeper
529,Moore,a,0,0,0,0,0,0,0,#N/A,#N/A,#N/A,0,#N/A,#N/A,#N/A,0,0,0,0,0,0,Goalkeeper
530,Nna Noukeu,a,0,0,0,0,0,0,0,#N/A,#N/A,#N/A,0,#N/A,#N/A,#N/A,0,0,0,0,0,0,Goalkeeper
531,Ballard,a,10.93,17,90,1,0,1,0,25-26-prem-sunderland-vs-west-ham-united,90,1,0,90,1,0,90,1,0,1,0,0,Defender
532,Hume,a,6.44,6,90,0,0,1,0,25-26-prem-sunderland-vs-west-ham-united,90,0,0,90,0,0,90,0,0,1,0,0,Defender
533,Alese,i,0,0,0,0,0,0,0,#N/A,#N/A,#N/A,0,#N/A,#N/A,#N/A,0,0,0,0,0,0,Defender
534,Anderson,a,0,0,0,0,0,0,0,#N/A,#N/A,#N/A,0,#N/A,#N/A,#N/A,0,0,0,0,0,0,Defender
535,Cirkin,a,0,0,0,0,0,0,0,#N/A,#N/A,#N/A,0,#N/A,#N/A,#N/A,0,0,0,0,0,0,Defender
536,Hjelde,d,0,0,0,0,0,0,0,#N/A,#N/A,#N/A,0,#N/A,#N/A,#N/A,0,0,0,0,0,0,Defender
537,Huggins,u,0,0,0,0,0,0,0,#N/A,#N/A,#N/A,0,#N/A,#N/A,#N/A,0,0,0,0,0,0,Defender
538,Johnson,a,0,0,0,0,0,0,0,#N/A,#N/A,#N/A,0,#N/A,#N/A,#N/A,0,0,0,0,0,0,Defender
539,O'Nien,s,45,0,0,0,0,0,0,#N/A,#N/A,#N/A,0,#N/A,#N/A,#N/A,0,0,0,0,0,0,Defender
540,Pembele,a,0,0,0,0,0,0,0,#N/A,#N/A,#N/A,0,#N/A,#N/A,#N/A,0,0,0,0,0,0,Defender
541,Reinildo,a,7.92,6,90,0,0,1,0,25-26-prem-sunderland-vs-west-ham-united,90,0,0,90,0,0,90,0,0,1,0,0,Defender
542,Seelt,u,8.12,1,52,0,0,0,0,25-26-prem-sunderland-vs-west-ham-united,53,0,0,53,0,0,52,0,0,0,0,0,Defender
543,Adingra,a,5.13,6,75,0,1,1,0,25-26-prem-sunderland-vs-west-ham-united,76,0,1,76,0,0,75,0,1,1,0,0,Midfielder
544,Diarra,i,3.91,3,90,0,0,1,0,25-26-prem-sunderland-vs-west-ham-united,90,0,0,90,0,0,90,0,0,1,0,0,Midfielder
545,Roberts,u,3.33,0,0,0,0,0,0,#N/A,#N/A,#N/A,0,#N/A,#N/A,#N/A,0,0,0,0,0,0,Midfielder
546,Aleksić,u,0,0,0,0,0,0,0,#N/A,#N/A,#N/A,0,#N/A,#N/A,#N/A,0,0,0,0,0,0,Midfielder
547,E.Le Fée,a,9.65,1,14,0,0,0,0,25-26-prem-sunderland-vs-west-ham-united,14,0,0,14,0,0,14,0,0,0,0,0,Midfielder
548,Mundle,a,12.27,0,0,0,0,0,0,#N/A,#N/A,#N/A,0,#N/A,#N/A,#N/A,0,0,0,0,0,0,Midfielder
549,Neil,a,90,0,0,0,0,0,0,#N/A,#N/A,#N/A,0,#N/A,#N/A,#N/A,0,0,0,0,0,0,Midfielder
550,Poveda,a,0,0,0,0,0,0,0,#N/A,#N/A,#N/A,0,#N/A,#N/A,#N/A,0,0,0,0,0,0,Midfielder
551,Rigg,a,5.81,1,1,0,0,0,0,25-26-prem-sunderland-vs-west-ham-united,1,0,0,1,0,0,1,0,0,0,0,0,Midfielder
552,Sadiki,a,7.55,3,90,0,0,1,0,25-26-prem-sunderland-vs-west-ham-united,90,0,0,90,0,0,90,0,0,1,0,0,Midfielder
553,Talbi,a,5.63,6,90,0,1,1,0,25-26-prem-sunderland-vs-west-ham-united,89,0,1,89,0,1,90,0,1,1,0,0,Midfielder
554,Ba,a,0,0,0,0,0,0,0,#N/A,#N/A,#N/A,0,#N/A,#N/A,#N/A,0,0,0,0,0,0,Midfielder
555,Browne,u,0,0,0,0,0,0,0,#N/A,#N/A,#N/A,0,#N/A,#N/A,#N/A,0,0,0,0,0,0,Midfielder
556,Ekwah,u,0,0,0,0,0,0,0,#N/A,#N/A,#N/A,0,#N/A,#N/A,#N/A,0,0,0,0,0,0,Midfielder
557,H.Jones,a,0,0,0,0,0,0,0,#N/A,#N/A,#N/A,0,#N/A,#N/A,#N/A,0,0,0,0,0,0,Midfielder
558,Matete,a,0,0,0,0,0,0,0,#N/A,#N/A,#N/A,0,#N/A,#N/A,#N/A,0,0,0,0,0,0,Midfielder
559,Triantis,u,0,0,0,0,0,0,0,#N/A,#N/A,#N/A,0,#N/A,#N/A,#N/A,0,0,0,0,0,0,Midfielder
560,Isidor,a,3.18,5,14,1,0,0,0,25-26-prem-sunderland-vs-west-ham-united,14,1,0,14,1,0,14,1,0,0,0,0,Forward
561,Mayenda,a,2.41,8,75,1,0,1,0,25-26-prem-sunderland-vs-west-ham-united,76,1,0,76,1,0,75,1,0,1,0,0,Forward
562,Abdullahi,a,0,0,0,0,0,0,0,#N/A,#N/A,#N/A,0,#N/A,#N/A,#N/A,0,0,0,0,0,0,Forward
563,Luís Hemir,u,0,0,0,0,0,0,0,#N/A,#N/A,#N/A,0,#N/A,#N/A,#N/A,0,0,0,0,0,0,Forward
564,Rusyn,u,0,0,0,0,0,0,0,#N/A,#N/A,#N/A,0,#N/A,#N/A,#N/A,0,0,0,0,0,0,Forward
668,Xhaka,a,11.42,3,90,0,0,1,0,25-26-prem-sunderland-vs-west-ham-united,90,0,0,90,0,0,90,0,0,1,0,0,Midfielder
670,Roefs,a,0,8,90,0,0,1,0,25-26-prem-sunderland-vs-west-ham-united,90,0,0,90,0,0,90,0,0,1,0,4,Goalkeeper
678,Masuaku,a,7.2,0,0,0,0,0,0,#N/A,#N/A,#N/A,0,#N/A,#N/A,#N/A,0,0,0,0,0,0,Defender
683,Alderete,a,9.8,4,37,0,1,0,0,25-26-prem-sunderland-vs-west-ham-united,37,0,1,37,0,1,37,0,1,0,0,0,Defender
694,Mukiele,a,10.15,0,0,0,0,0,0,#N/A,#N/A,#N/A,0,#N/A,#N/A,#N/A,0,0,0,0,0,0,Defender
724,Geertruida,a,6.94,0,0,0,0,0,0,#N/A,#N/A,#N/A,0,#N/A,#N/A,#N/A,0,0,0,0,0,0,Defender
730,Brobbey,a,6.38,0,0,0,0,0,0,#N/A,#N/A,#N/A,0,#N/A,#N/A,#N/A,0,0,0,0,0,0,Forward
735,Traoré,a,6.36,0,0,0,0,0,0,#N/A,#N/A,#N/A,0,#N/A,#N/A,#N/A,0,0,0,0,0,0,Midfielder
565,Vicario,a,0,9,90,0,0,1,0,25-26-prem-tottenham-hotspur-vs-burnley,90,0,0,90,0,0,90,0,0,1,0,4,Goalkeeper
566,Austin,a,0,0,0,0,0,0,0,#N/A,#N/A,#N/A,0,#N/A,#N/A,#N/A,0,0,0,0,0,0,Goalkeeper
567,Kinsky,a,0,0,0,0,0,0,0,#N/A,#N/A,#N/A,0,#N/A,#N/A,#N/A,0,0,0,0,0,0,Goalkeeper
568,Pedro Porro,a,6.76,6,90,0,0,1,0,25-26-prem-tottenham-hotspur-vs-burnley,90,0,0,90,0,0,90,0,0,1,0,0,Defender
569,Romero,a,8.76,6,90,0,0,1,0,25-26-prem-tottenham-hotspur-vs-burnley,90,0,0,90,0,0,90,0,0,1,0,0,Defender
570,Danso,a,12.65,0,0,0,0,0,0,#N/A,#N/A,#N/A,0,#N/A,#N/A,#N/A,0,0,0,0,0,0,Defender
571,Davies,a,0,0,0,0,0,0,0,#N/A,#N/A,#N/A,0,#N/A,#N/A,#N/A,0,0,0,0,0,0,Defender
572,Dragusin,d,0,0,0,0,0,0,0,#N/A,#N/A,#N/A,0,#N/A,#N/A,#N/A,0,0,0,0,0,0,Defender
573,Spence,a,4.67,6,90,0,0,1,0,25-26-prem-tottenham-hotspur-vs-burnley,90,0,0,90,0,0,90,0,0,1,0,0,Defender
574,Udogie,i,4.46,0,0,0,0,0,0,#N/A,#N/A,#N/A,0,#N/A,#N/A,#N/A,0,0,0,0,0,0,Defender
575,Van de Ven,a,6.12,6,90,0,0,1,0,25-26-prem-tottenham-hotspur-vs-burnley,90,0,0,90,0,0,90,0,0,1,0,0,Defender
576,Phillips,u,0,0,0,0,0,0,0,#N/A,#N/A,#N/A,0,#N/A,#N/A,#N/A,0,0,0,0,0,0,Defender
577,Takai,d,0,0,0,0,0,0,0,#N/A,#N/A,#N/A,0,#N/A,#N/A,#N/A,0,0,0,0,0,0,Defender
578,Vuskovic,u,0,0,0,0,0,0,0,#N/A,#N/A,#N/A,0,#N/A,#N/A,#N/A,0,0,0,0,0,0,Defender
579,Son,u,0,0,0,0,0,0,0,#N/A,#N/A,#N/A,0,#N/A,#N/A,#N/A,0,0,0,0,0,0,Midfielder
580,Johnson,a,6.49,8,79,1,0,1,0,25-26-prem-tottenham-hotspur-vs-burnley,80,1,0,80,1,0,79,1,0,1,0,0,Midfielder
581,Maddison,i,0,0,0,0,0,0,0,#N/A,#N/A,#N/A,0,#N/A,#N/A,#N/A,0,0,0,0,0,0,Midfielder
582,Kudus,a,7.61,10,84,0,2,1,0,25-26-prem-tottenham-hotspur-vs-burnley,85,0,2,85,0,2,84,0,2,1,0,0,Midfielder
583,Kulusevski,i,0,0,0,0,0,0,0,#N/A,#N/A,#N/A,0,#N/A,#N/A,#N/A,0,0,0,0,0,0,Midfielder
584,Tel,a,6.14,1,5,0,0,0,0,25-26-prem-tottenham-hotspur-vs-burnley,5,0,0,5,0,0,5,0,0,0,0,0,Midfielder
585,Bentancur,a,12.74,1,19,0,0,0,0,25-26-prem-tottenham-hotspur-vs-burnley,19,0,0,19,0,0,19,0,0,0,0,0,Midfielder
586,Bergvall,a,8.34,3,79,0,0,1,0,25-26-prem-tottenham-hotspur-vs-burnley,80,0,0,80,0,0,79,0,0,1,0,0,Midfielder
587,Bissouma,i,0,0,0,0,0,0,0,#N/A,#N/A,#N/A,0,#N/A,#N/A,#N/A,0,0,0,0,0,0,Midfielder
588,Odobert,a,5.88,1,10,0,0,0,0,25-26-prem-tottenham-hotspur-vs-burnley,10,0,0,10,0,0,10,0,0,0,0,0,Midfielder
589,Solomon,u,0,0,0,0,0,0,0,#N/A,#N/A,#N/A,0,#N/A,#N/A,#N/A,0,0,0,0,0,0,Midfielder
590,Bryan,u,0,0,0,0,0,0,0,#N/A,#N/A,#N/A,0,#N/A,#N/A,#N/A,0,0,0,0,0,0,Midfielder
591,Gray,a,10.09,3,70,0,0,1,0,25-26-prem-tottenham-hotspur-vs-burnley,71,0,0,71,0,0,70,0,0,1,0,0,Midfielder
592,Moore,u,0,0,0,0,0,0,0,#N/A,#N/A,#N/A,0,#N/A,#N/A,#N/A,0,0,0,0,0,0,Midfielder
593,P.M.Sarr,a,10.5,6,90,0,1,1,0,25-26-prem-tottenham-hotspur-vs-burnley,90,0,1,90,0,1,90,0,1,1,0,0,Midfielder
594,Min-hyeok,u,0,0,0,0,0,0,0,#N/A,#N/A,#N/A,0,#N/A,#N/A,#N/A,0,0,0,0,0,0,Midfielder
595,Olusesi,a,0,0,0,0,0,0,0,#N/A,#N/A,#N/A,0,#N/A,#N/A,#N/A,0,0,0,0,0,0,Midfielder
596,Solanke,i,8.71,1,19,0,0,0,0,25-26-prem-tottenham-hotspur-vs-burnley,19,0,0,19,0,0,19,0,0,0,0,0,Forward
597,Richarlison,a,6.63,13,71,2,0,1,0,25-26-prem-tottenham-hotspur-vs-burnley,71,2,0,71,2,0,71,2,0,1,0,0,Forward
598,Lankshear,u,0,0,0,0,0,0,0,#N/A,#N/A,#N/A,0,#N/A,#N/A,#N/A,0,0,0,0,0,0,Forward
599,Scarlett,a,0,0,0,0,0,0,0,#N/A,#N/A,#N/A,0,#N/A,#N/A,#N/A,0,0,0,0,0,0,Forward
673,J.Palhinha,a,11.91,1,10,0,0,0,0,25-26-prem-tottenham-hotspur-vs-burnley,10,0,0,10,0,0,10,0,0,0,0,0,Midfielder
717,Xavi,a,8.26,0,0,0,0,0,0,#N/A,#N/A,#N/A,0,#N/A,#N/A,#N/A,0,0,0,0,0,0,Midfielder
726,Kolo Muani,a,5.58,0,0,0,0,0,0,#N/A,#N/A,#N/A,0,#N/A,#N/A,#N/A,0,0,0,0,0,0,Forward
745,Byfield,a,0,0,0,0,0,0,0,#N/A,#N/A,#N/A,0,#N/A,#N/A,#N/A,0,0,0,0,0,0,Defender
750,Rowswell,a,0,0,0,0,0,0,0,#N/A,#N/A,#N/A,0,#N/A,#N/A,#N/A,0,0,0,0,0,0,Defender
751,Akhamrich,a,0,0,0,0,0,0,0,#N/A,#N/A,#N/A,0,#N/A,#N/A,#N/A,0,0,0,0,0,0,Midfielder
149,Igor,a,11.36,0,0,0,0,0,0,#N/A,#N/A,#N/A,0,#N/A,#N/A,#N/A,0,0,0,0,0,0,Defender
600,Areola,a,0,0,0,0,0,0,0,#N/A,#N/A,#N/A,0,#N/A,#N/A,#N/A,0,0,0,0,0,0,Goalkeeper
601,Foderingham,u,0,0,0,0,0,0,0,#N/A,#N/A,#N/A,0,#N/A,#N/A,#N/A,0,0,0,0,0,0,Goalkeeper
602,Hegyi,a,0,0,0,0,0,0,0,#N/A,#N/A,#N/A,0,#N/A,#N/A,#N/A,0,0,0,0,0,0,Goalkeeper
603,Diouf,a,7.15,1,90,0,0,0,3,25-26-prem-sunderland-vs-west-ham-united,90,0,0,90,0,0,90,0,0,0,3,0,Defender
604,Emerson,u,0,0,0,0,0,0,0,#N/A,#N/A,#N/A,0,#N/A,#N/A,#N/A,0,0,0,0,0,0,Defender
605,Kilman,a,9.21,0,90,0,0,0,3,25-26-prem-sunderland-vs-west-ham-united,90,0,0,90,0,0,90,0,0,0,3,0,Defender
606,Mavropanos,a,11.06,0,0,0,0,0,0,#N/A,#N/A,#N/A,0,#N/A,#N/A,#N/A,0,0,0,0,0,0,Defender
607,N.Aguerd,u,7.5,1,90,0,0,0,3,25-26-prem-sunderland-vs-west-ham-united,90,0,0,90,0,0,90,0,0,0,3,0,Defender
608,Scarles,a,6.52,0,0,0,0,0,0,#N/A,#N/A,#N/A,0,#N/A,#N/A,#N/A,0,0,0,0,0,0,Defender
609,Todibo,a,8.94,1,81,0,0,0,2,25-26-prem-sunderland-vs-west-ham-united,82,0,0,82,0,0,81,0,0,0,2,0,Defender
610,Wan-Bissaka,a,8.21,1,90,0,0,0,3,25-26-prem-sunderland-vs-west-ham-united,90,0,0,90,0,0,90,0,0,0,3,0,Defender
611,Casey,u,0,0,0,0,0,0,0,#N/A,#N/A,#N/A,0,#N/A,#N/A,#N/A,0,0,0,0,0,0,Defender
612,L.Paquetá,a,8.98,2,90,0,0,0,3,25-26-prem-sunderland-vs-west-ham-united,90,0,0,90,0,0,90,0,0,0,3,0,Midfielder
613,Souček,a,10.11,1,19,0,0,0,2,25-26-prem-sunderland-vs-west-ham-united,19,0,0,19,0,0,19,0,0,0,2,0,Midfielder
614,Ward-Prowse,a,4.78,2,70,0,0,0,1,25-26-prem-sunderland-vs-west-ham-united,71,0,0,71,0,0,70,0,0,0,1,0,Midfielder
615,Summerville,a,7.99,0,0,0,0,0,0,#N/A,#N/A,#N/A,0,#N/A,#N/A,#N/A,0,0,0,0,0,0,Midfielder
616,Álvarez,u,0,0,0,0,0,0,0,#N/A,#N/A,#N/A,0,#N/A,#N/A,#N/A,0,0,0,0,0,0,Midfielder
617,Cornet,u,0,0,0,0,0,0,0,#N/A,#N/A,#N/A,0,#N/A,#N/A,#N/A,0,0,0,0,0,0,Midfielder
618,G.Rodriguez,a,5.92,2,70,0,0,0,1,25-26-prem-sunderland-vs-west-ham-united,71,0,0,71,0,0,70,0,0,0,1,0,Midfielder
619,L.Guilherme,a,8.18,0,0,0,0,0,0,#N/A,#N/A,#N/A,0,#N/A,#N/A,#N/A,0,0,0,0,0,0,Midfielder
620,Earthy,a,0,0,0,0,0,0,0,#N/A,#N/A,#N/A,0,#N/A,#N/A,#N/A,0,0,0,0,0,0,Midfielder
621,Irving,a,12.69,1,8,0,0,0,1,25-26-prem-sunderland-vs-west-ham-united,8,0,0,8,0,0,8,0,0,0,1,0,Midfielder
622,Orford,u,0,0,0,0,0,0,0,#N/A,#N/A,#N/A,0,#N/A,#N/A,#N/A,0,0,0,0,0,0,Midfielder
623,Potts,a,9.84,0,0,0,0,0,0,#N/A,#N/A,#N/A,0,#N/A,#N/A,#N/A,0,0,0,0,0,0,Midfielder
624,Bowen,a,6.33,2,90,0,0,0,3,25-26-prem-sunderland-vs-west-ham-united,90,0,0,90,0,0,90,0,0,0,3,0,Forward
625,Füllkrug,a,4.2,2,90,0,0,0,3,25-26-prem-sunderland-vs-west-ham-united,90,0,0,90,0,0,90,0,0,0,3,0,Forward
626,Marshall,a,4.66,0,0,0,0,0,0,#N/A,#N/A,#N/A,0,#N/A,#N/A,#N/A,0,0,0,0,0,0,Forward
659,Walker-Peters,a,5.47,0,0,0,0,0,0,#N/A,#N/A,#N/A,0,#N/A,#N/A,#N/A,0,0,0,0,0,0,Defender
671,Wilson,a,3.17,1,19,0,0,0,2,25-26-prem-sunderland-vs-west-ham-united,19,0,0,19,0,0,19,0,0,0,2,0,Forward
679,Hermansen,a,0,1,90,0,0,0,3,25-26-prem-sunderland-vs-west-ham-united,90,0,0,90,0,0,90,0,0,0,3,2,Goalkeeper
708,M.Fernandes,a,10.6,0,0,0,0,0,0,#N/A,#N/A,#N/A,0,#N/A,#N/A,#N/A,0,0,0,0,0,0,Midfielder
718,S.Magassa,a,11.95,0,0,0,0,0,0,#N/A,#N/A,#N/A,0,#N/A,#N/A,#N/A,0,0,0,0,0,0,Midfielder
738,Fabianski,d,0,0,0,0,0,0,0,#N/A,#N/A,#N/A,0,#N/A,#N/A,#N/A,0,0,0,0,0,0,Goalkeeper
747,Mayers,a,25.71,0,0,0,0,0,0,#N/A,#N/A,#N/A,0,#N/A,#N/A,#N/A,0,0,0,0,0,0,Defender
752,Golambeckis,a,0,0,0,0,0,0,0,#N/A,#N/A,#N/A,0,#N/A,#N/A,#N/A,0,0,0,0,0,0,Defender
758,Mohamadou Kanté,a,0,0,0,0,0,0,0,#N/A,#N/A,#N/A,0,#N/A,#N/A,#N/A,0,0,0,0,0,0,Midfielder
627,Johnstone,a,0,0,0,0,0,0,0,#N/A,#N/A,#N/A,0,#N/A,#N/A,#N/A,0,0,0,0,0,0,Goalkeeper
628,José Sá,a,0,0,90,0,0,0,4,25-26-prem-wolverhampton-wanderers-vs-manchester-city,90,0,0,90,0,0,90,0,0,0,4,0,Goalkeeper
629,Bentley,i,0,0,0,0,0,0,0,#N/A,#N/A,#N/A,0,#N/A,#N/A,#N/A,0,0,0,0,0,0,Goalkeeper
631,Agbadou,a,10.37,0,90,0,0,0,4,25-26-prem-wolverhampton-wanderers-vs-manchester-city,90,0,0,90,0,0,90,0,0,0,4,0,Defender
632,Doherty,a,8.04,-1,90,0,0,0,4,25-26-prem-wolverhampton-wanderers-vs-manchester-city,90,0,0,90,0,0,90,0,0,0,4,0,Defender
633,H.Bueno,a,6.96,1,18,0,0,0,1,25-26-prem-wolverhampton-wanderers-vs-manchester-city,18,0,0,18,0,0,18,0,0,0,1,0,Defender
634,Mosquera,a,6.31,0,0,0,0,0,0,#N/A,#N/A,#N/A,0,#N/A,#N/A,#N/A,0,0,0,0,0,0,Defender
635,R.Gomes,i,4.89,1,17,0,0,0,1,25-26-prem-wolverhampton-wanderers-vs-manchester-city,17,0,0,17,0,0,17,0,0,0,1,0,Defender
636,S.Bueno,a,9.35,0,0,0,0,0,0,#N/A,#N/A,#N/A,0,#N/A,#N/A,#N/A,0,0,0,0,0,0,Defender
637,Toti,a,7.4,0,90,0,0,0,4,25-26-prem-wolverhampton-wanderers-vs-manchester-city,90,0,0,90,0,0,90,0,0,0,4,0,Defender
638,Hoever,a,7.87,1,72,0,0,0,3,25-26-prem-wolverhampton-wanderers-vs-manchester-city,73,0,0,73,0,0,72,0,0,0,3,0,Defender
639,Meupiyou,u,0,0,0,0,0,0,0,#N/A,#N/A,#N/A,0,#N/A,#N/A,#N/A,0,0,0,0,0,0,Defender
640,Pedro Lima,u,0,0,0,0,0,0,0,#N/A,#N/A,#N/A,0,#N/A,#N/A,#N/A,0,0,0,0,0,0,Defender
641,Pond,a,0,0,0,0,0,0,0,#N/A,#N/A,#N/A,0,#N/A,#N/A,#N/A,0,0,0,0,0,0,Defender
642,Hee Chan,a,4.14,1,8,0,0,0,0,25-26-prem-wolverhampton-wanderers-vs-manchester-city,8,0,0,8,0,0,8,0,0,0,0,0,Midfielder
643,André,a,13.04,4,71,0,0,0,3,25-26-prem-wolverhampton-wanderers-vs-manchester-city,72,0,0,72,0,0,71,0,0,0,3,0,Midfielder
644,Bellegarde,i,7.75,2,72,0,0,0,3,25-26-prem-wolverhampton-wanderers-vs-manchester-city,73,0,0,73,0,0,72,0,0,0,3,0,Midfielder
645,Fer López,a,4.14,1,18,0,0,0,1,25-26-prem-wolverhampton-wanderers-vs-manchester-city,18,0,0,18,0,0,18,0,0,0,1,0,Midfielder
646,Gomes,a,11.87,2,90,0,0,0,4,25-26-prem-wolverhampton-wanderers-vs-manchester-city,90,0,0,90,0,0,90,0,0,0,4,0,Midfielder
647,Guedes,u,0,0,0,0,0,0,0,#N/A,#N/A,#N/A,0,#N/A,#N/A,#N/A,0,0,0,0,0,0,Midfielder
648,Munetsi,i,8.26,2,90,0,0,0,4,25-26-prem-wolverhampton-wanderers-vs-manchester-city,90,0,0,90,0,0,90,0,0,0,4,0,Midfielder
649,B.Traore,u,0,0,0,0,0,0,0,#N/A,#N/A,#N/A,0,#N/A,#N/A,#N/A,0,0,0,0,0,0,Midfielder
650,Chirewa,a,8.57,0,0,0,0,0,0,#N/A,#N/A,#N/A,0,#N/A,#N/A,#N/A,0,0,0,0,0,0,Midfielder
651,Edozie,a,0,0,0,0,0,0,0,#N/A,#N/A,#N/A,0,#N/A,#N/A,#N/A,0,0,0,0,0,0,Midfielder
652,Gonzalez,a,0,0,0,0,0,0,0,#N/A,#N/A,#N/A,0,#N/A,#N/A,#N/A,0,0,0,0,0,0,Midfielder
653,Hodge,u,0,0,0,0,0,0,0,#N/A,#N/A,#N/A,0,#N/A,#N/A,#N/A,0,0,0,0,0,0,Midfielder
654,Strand Larsen,a,2.93,2,81,0,0,0,4,25-26-prem-wolverhampton-wanderers-vs-manchester-city,82,0,0,82,0,0,81,0,0,0,4,0,Forward
655,Fábio Silva,u,0,0,0,0,0,0,0,#N/A,#N/A,#N/A,0,#N/A,#N/A,#N/A,0,0,0,0,0,0,Forward
656,Kalajdžić,u,12.86,0,0,0,0,0,0,#N/A,#N/A,#N/A,0,#N/A,#N/A,#N/A,0,0,0,0,0,0,Forward
657,Chiwome,i,0,0,0,0,0,0,0,#N/A,#N/A,#N/A,0,#N/A,#N/A,#N/A,0,0,0,0,0,0,Forward
658,Fraser,a,0,0,0,0,0,0,0,#N/A,#N/A,#N/A,0,#N/A,#N/A,#N/A,0,0,0,0,0,0,Forward
663,J.Arias,a,9.95,1,17,0,0,0,1,25-26-prem-wolverhampton-wanderers-vs-manchester-city,17,0,0,17,0,0,17,0,0,0,1,0,Midfielder
682,Møller Wolfe,a,4.57,1,71,0,0,0,3,25-26-prem-wolverhampton-wanderers-vs-manchester-city,72,0,0,72,0,0,71,0,0,0,3,0,Defender
695,Tchatchoua,a,6.34,0,0,0,0,0,0,#N/A,#N/A,#N/A,0,#N/A,#N/A,#N/A,0,0,0,0,0,0,Defender
709,Krejčí,a,7.74,0,0,0,0,0,0,#N/A,#N/A,#N/A,0,#N/A,#N/A,#N/A,0,0,0,0,0,0,Defender
720,Tolu,a,7.08,0,0,0,0,0,0,#N/A,#N/A,#N/A,0,#N/A,#N/A,#N/A,0,0,0,0,0,0,Forward
749,Mané,a,10.16,0,0,0,0,0,0,#N/A,#N/A,#N/A,0,#N/A,#N/A,#N/A,0,0,0,0,0,0,Forward
